{"problem": "Airfoil", "hiddenLayer": 2, "DAE-GP (train)": [[42.955024177689, 42.955024177689, 42.955024177689, 42.955024177689, 42.955024177689, 34.09287049772968, 34.09287049772968, 34.09287049772968, 34.09287049772968, 34.09287049772968, 24.0690341138614, 24.0690341138614, 6.77033054085914, 6.77033054085914, 6.77033054085914, 6.77033054085914, 6.77033054085914, 6.77033054085914, 6.77033054085914, 6.77033054085914, 6.77033054085914, 6.77033054085914, 6.77033054085914, 6.77033054085914, 6.77033054085914, 6.77033054085914, 6.77033054085914, 6.77033054085914, 6.77033054085914, 6.77033054085914, 6.77033054085914], [37.474931416148365, 37.474931416148365, 37.474931416148365, 37.474931416148365, 37.474931416148365, 37.474931416148365, 22.909819680451623, 22.909819680451623, 22.909819680451623, 22.909819680451623, 22.909819680451623, 22.909819680451623, 22.909819680451623, 22.909819680451623, 22.909819680451623, 22.909819680451623, 8.766293837734136, 8.766293837734136, 8.766293837734136, 8.766293837734136, 8.766293837734136, 8.766293837734136, 8.766293837734136, 8.766293837734136, 8.766293837734136, 8.766293837734136, 8.766293837734136, 8.766293837734136, 8.766293837734136, 8.766293837734136, 8.766293837734136], [37.80884660172095, 37.80884660172095, 37.80884660172095, 36.106049518866705, 36.106049518866705, 36.106049518866705, 36.106049518866705, 36.106049518866705, 36.106049518866705, 35.57765901770042, 35.57765901770042, 35.57765901770042, 35.57765901770042, 35.57765901770042, 35.57765901770042, 35.57765901770042, 35.57765901770042, 35.57765901770042, 35.57765901770042, 35.57765901770042, 35.57765901770042, 35.57765901770042, 35.57765901770042, 35.57765901770042, 35.57765901770042, 35.52878502126876, 35.52878502126876, 35.52878502126876, 35.52878502126876, 35.52878502126876, 35.52878502126876], [38.29993950706586, 31.522893115054064, 31.522893115054064, 31.522893115054064, 25.821797933799164, 25.821797933799164, 25.821797933799164, 25.821797933799164, 25.821797933799164, 25.821797933799164, 25.821797933799164, 25.821797933799164, 25.821797933799164, 25.821797933799164, 25.821797933799164, 25.821797933799164, 25.821797933799164, 25.821797933799164, 25.821797933799164, 25.821797933799164, 25.821797933799164, 25.821797933799164, 25.821797933799164, 25.821797933799164, 25.821797933799164, 25.821797933799164, 25.821797933799164, 25.821797933799164, 25.821797933799164, 25.821797933799164, 25.821797933799164]], "DAE-GP (test)": [[43.26251128101161, 43.26251128101161, 43.26251128101161, 43.26251128101161, 43.26251128101161, 34.09670261366926, 34.09670261366926, 34.09670261366926, 34.09670261366926, 34.09670261366926, 23.619323626632003, 23.619323626632003, 7.023797078617501, 7.023797078617501, 7.023797078617501, 7.023797078617501, 7.023797078617501, 7.023797078617501, 7.023797078617501, 7.023797078617501, 7.023797078617501, 7.023797078617501, 7.023797078617501, 7.023797078617501, 7.023797078617501, 7.023797078617501, 7.023797078617501, 7.023797078617501, 7.023797078617501, 7.023797078617501, 7.023797078617501], [39.02313143171413, 39.02313143171413, 39.02313143171413, 39.02313143171413, 39.02313143171413, 39.02313143171413, 22.96272916171345, 22.96272916171345, 22.96272916171345, 22.96272916171345, 22.96272916171345, 22.96272916171345, 22.96272916171345, 22.96272916171345, 22.96272916171345, 22.96272916171345, 8.509657190001452, 8.509657190001452, 8.509657190001452, 8.509657190001452, 8.509657190001452, 8.509657190001452, 8.509657190001452, 8.509657190001452, 8.509657190001452, 8.509657190001452, 8.509657190001452, 8.509657190001452, 8.509657190001452, 8.509657190001452, 8.509657190001452], [39.57108057317843, 39.57108057317843, 39.57108057317843, 37.84076929546148, 37.84076929546148, 37.84076929546148, 37.84076929546148, 37.84076929546148, 37.84076929546148, 37.30073457179824, 37.30073457179824, 37.30073457179824, 37.30073457179824, 37.30073457179824, 37.30073457179824, 37.30073457179824, 37.30073457179824, 37.30073457179824, 37.30073457179824, 37.30073457179824, 37.30073457179824, 37.30073457179824, 37.30073457179824, 37.30073457179824, 37.30073457179824, 37.187173257654635, 37.187173257654635, 37.187173257654635, 37.187173257654635, 37.187173257654635, 37.187173257654635], [39.51493800474718, 32.85271500138124, 32.85271500138124, 32.85271500138124, 25.72946994416544, 25.72946994416544, 25.72946994416544, 25.72946994416544, 25.72946994416544, 25.72946994416544, 25.72946994416544, 25.72946994416544, 25.72946994416544, 25.72946994416544, 25.72946994416544, 25.72946994416544, 25.72946994416544, 25.72946994416544, 25.72946994416544, 25.72946994416544, 25.72946994416544, 25.72946994416544, 25.72946994416544, 25.72946994416544, 25.72946994416544, 25.72946994416544, 25.72946994416544, 25.72946994416544, 25.72946994416544, 25.72946994416544, 25.72946994416544]],