{"problem": "Airfoil", "hiddenLayer": 2, "DAE-GP (train)": [[37.80884660172095, 37.80884660172095, 37.80884660172095, 36.106049518866705, 36.106049518866705, 36.106049518866705, 36.106049518866705, 36.106049518866705, 36.106049518866705, 35.57765901770042, 35.57765901770042, 35.57765901770042, 35.57765901770042, 35.57765901770042, 35.57765901770042, 35.57765901770042, 35.57765901770042, 35.57765901770042, 35.57765901770042, 35.57765901770042, 35.57765901770042, 35.57765901770042, 35.57765901770042, 35.57765901770042, 35.57765901770042, 35.52878502126876, 35.52878502126876, 35.52878502126876, 35.52878502126876, 35.52878502126876, 35.52878502126876], [38.542675474405016, 38.542675474405016, 38.542675474405016, 38.542675474405016, 38.542675474405016, 38.542675474405016, 37.288226270557495, 37.288226270557495, 37.288226270557495, 37.288226270557495, 37.288226270557495, 37.288226270557495, 37.288226270557495, 37.288226270557495, 37.288226270557495, 37.288226270557495, 37.288226270557495, 37.288226270557495, 37.288226270557495, 37.288226270557495, 37.288226270557495, 37.288226270557495, 37.288226270557495, 37.288226270557495, 35.2785778772512, 35.2785778772512, 35.2785778772512, 35.2785778772512, 35.2785778772512, 35.2785778772512, 35.2785778772512], [38.803720899253506, 38.803720899253506, 36.46053539257456, 36.46053539257456, 29.83166735978252, 29.83166735978252, 29.83166735978252, 29.83166735978252, 29.83166735978252, 29.83166735978252, 29.83166735978252, 29.83166735978252, 29.83166735978252, 29.83166735978252, 29.83166735978252, 25.955366469574397, 25.955366469574397, 25.955366469574397, 25.955366469574397, 23.580964114399148, 23.580964114399148, 23.580964114399148, 23.580964114399148, 23.580964114399148, 23.580964114399148, 23.580964114399148, 23.580964114399148, 23.580964114399148, 23.580964114399148, 23.580964114399148, 23.580964114399148], [38.29993950706586, 31.522893115054064, 31.522893115054064, 31.522893115054064, 25.821797933799164, 25.821797933799164, 25.821797933799164, 25.821797933799164, 25.821797933799164, 25.821797933799164, 25.821797933799164, 25.821797933799164, 25.821797933799164, 25.821797933799164, 25.821797933799164, 25.821797933799164, 25.821797933799164, 25.821797933799164, 25.821797933799164, 25.821797933799164, 25.821797933799164, 25.821797933799164, 25.821797933799164, 25.821797933799164, 25.821797933799164, 25.821797933799164, 25.821797933799164, 25.821797933799164, 25.821797933799164, 25.821797933799164, 25.821797933799164], [35.9367968087931, 35.9367968087931, 35.9367968087931, 35.9367968087931, 35.9367968087931, 35.9367968087931, 35.9367968087931, 35.9367968087931, 35.9367968087931, 35.9367968087931, 35.9367968087931, 35.9367968087931, 35.9367968087931, 35.9367968087931, 35.9367968087931, 35.9367968087931, 35.9367968087931, 35.9367968087931, 35.9367968087931, 35.9367968087931, 35.9367968087931, 35.9367968087931, 35.9367968087931, 35.9367968087931, 35.9367968087931, 35.9367968087931, 35.9367968087931, 29.43381191607342, 29.43381191607342, 29.43381191607342, 29.43381191607342], [37.474931416148365, 37.474931416148365, 37.474931416148365, 37.474931416148365, 37.474931416148365, 37.474931416148365, 22.909819680451623, 22.909819680451623, 22.909819680451623, 22.909819680451623, 22.909819680451623, 22.909819680451623, 22.909819680451623, 22.909819680451623, 22.909819680451623, 22.909819680451623, 8.766293837734136, 8.766293837734136, 8.766293837734136, 8.766293837734136, 8.766293837734136, 8.766293837734136, 8.766293837734136, 8.766293837734136, 8.766293837734136, 8.766293837734136, 8.766293837734136, 8.766293837734136, 8.766293837734136, 8.766293837734136, 8.766293837734136], [42.955024177689, 42.955024177689, 42.955024177689, 42.955024177689, 42.955024177689, 34.09287049772968, 34.09287049772968, 34.09287049772968, 34.09287049772968, 34.09287049772968, 24.0690341138614, 24.0690341138614, 6.77033054085914, 6.77033054085914, 6.77033054085914, 6.77033054085914, 6.77033054085914, 6.77033054085914, 6.77033054085914, 6.77033054085914, 6.77033054085914, 6.77033054085914, 6.77033054085914, 6.77033054085914, 6.77033054085914, 6.77033054085914, 6.77033054085914, 6.77033054085914, 6.77033054085914, 6.77033054085914, 6.77033054085914]],