{"problem": "Airfoil", "hiddenLayer": 2, "DAE-GP": [6.77033054085914, 8.766293837734136, 35.52878502126876, 25.821797933799164], "Pre-Trained": [12.071064082392448, 34.70214154416251, 29.70153117229304, 7.056392150461302, 25.744788549336867, 7.061783452018584]}