{"problem": "Airfoil", "hiddenLayer": 2, "DAE-GP (train)": [7.072486121495633, 6.865511122805316, 35.659545442939546, 6.976266615805829, 35.224189871410864, 26.00340470128073, 7.056392150461302, 6.741766753607934], "DAE-GP (test)": [6.719866306373358, 6.930915087068152, 36.42917252790432, 6.819572542388874, 36.63235572378154, 25.546160803231754, 6.736741835130057, 7.051182087691155], "Pre-Trained (train)": [35.147984653098305, 25.955366469574397, 7.07626550664905, 8.345524344654267, 38.694078654269525, 8.640366174445116, 7.011864324955564, 6.936208517569312], "Pre-Trained (test)": [36.92233469140094, 25.594902229044784, 6.724909582976736, 8.499575269817147, 38.701386408965554, 8.590646892594567, 6.783014551479682, 6.860257710639082]}