{"problem": "Airfoil", "hiddenLayer": 2, "DAE-GP (train)": [7.056392150461302, 26.00340470128073, 7.072486121495633, 35.224189871410864, 6.741766753607934, 6.865511122805316, 6.976266615805829, 6.976266615805829, 17.166466166750638, 35.659545442939546], "DAE-GP (test)": [6.736741835130057, 25.546160803231754, 6.719866306373358, 36.63235572378154, 7.051182087691155, 6.930915087068152, 6.819572542388874, 6.819572542388874, 17.156077378960397, 36.42917252790432], "Pre-Trained (train)": [6.936208517569312, 7.07626550664905, 8.345524344654267, 7.07626550664905, 25.955366469574397, 38.694078654269525, 8.640366174445116, 35.147984653098305, 7.011864324955564, 6.936208517569312], "Pre-Trained (test)": [6.860257710639082, 6.724909582976736, 8.499575269817147, 6.724909582976736, 25.594902229044784, 38.701386408965554, 8.590646892594567, 36.92233469140094, 6.783014551479682, 6.860257710639082]}