{"problem": "Airfoil", "hiddenLayer": 2, "DAE-GP (train)": [6.976266615805829, 26.00340470128073, 7.072486121495633, 35.224189871410864, 35.659545442939546, 6.865511122805316, 6.741766753607934, 7.056392150461302, 17.166466166750638, 6.976266615805829], "DAE-GP (test)": [6.819572542388874, 25.546160803231754, 6.719866306373358, 36.63235572378154, 36.42917252790432, 6.930915087068152, 7.051182087691155, 6.736741835130057, 17.156077378960397, 6.819572542388874], "Pre-Trained (train)": [38.694078654269525, 7.011864324955564, 7.07626550664905, 8.345524344654267, 6.936208517569312, 7.07626550664905, 8.640366174445116, 25.955366469574397, 6.936208517569312, 35.147984653098305], "Pre-Trained (test)": [38.701386408965554, 6.783014551479682, 6.724909582976736, 8.499575269817147, 6.860257710639082, 6.724909582976736, 8.590646892594567, 25.594902229044784, 6.860257710639082, 36.92233469140094]}