{"problem": "Airfoil", "hiddenLayer": 1, "DAE-GP (train)": [34.91957699880682, 31.692898107169444, 33.65311978400108, 34.15691094016683, 31.10916177920143, 33.437312233008285, 31.356223231323707, 35.147984653098305, 36.83771112656919, 31.36334580321489], "DAE-GP (test)": [36.24092801978986, 31.214885087853073, 34.29915733045195, 33.98869889094127, 31.106840962349654, 34.06688162195417, 30.815881145717658, 36.92233469140094, 37.79444788286733, 30.821212441871392], "Pre-Trained (train)": [35.16563146370347, 35.05659156617022, 36.03202659561283, 35.953161141389366, 34.90011348016071, 35.565338469050296, 35.953161141389366, 34.87093717918968, 35.05659156617022, 34.90011348016071], "Pre-Trained (test)": [35.2057380135085, 36.011552492299714, 35.931781316891225, 35.80992970050751, 34.8110653106905, 35.51804013433234, 35.80992970050751, 36.19913223227431, 36.011552492299714, 34.8110653106905]}