{"problem": "Airfoil", "hiddenLayer": 1, "DAE-GP (train)": [34.15691094016683, 31.692898107169444, 36.83771112656919, 31.10916177920143, 33.65311978400108, 31.36334580321489, 33.437312233008285, 34.91957699880682, 35.147984653098305, 31.356223231323707], "DAE-GP (test)": [33.98869889094127, 31.214885087853073, 37.79444788286733, 31.106840962349654, 34.29915733045195, 30.821212441871392, 34.06688162195417, 36.24092801978986, 36.92233469140094, 30.815881145717658], "Pre-Trained (train)": [35.953161141389366, 35.953161141389366, 34.87093717918968, 34.90011348016071, 34.90011348016071, 35.05659156617022, 35.05659156617022, 36.03202659561283, 35.565338469050296, 35.16563146370347], "Pre-Trained (test)": [35.80992970050751, 35.80992970050751, 36.19913223227431, 34.8110653106905, 34.8110653106905, 36.011552492299714, 36.011552492299714, 35.931781316891225, 35.51804013433234, 35.2057380135085]}