{"problem": "Airfoil", "hiddenLayer": 1, "DAE-GP (train)": [33.437312233008285, 36.83771112656919, 31.356223231323707, 35.147984653098305, 31.692898107169444, 31.10916177920143, 31.36334580321489, 34.15691094016683, 33.65311978400108, 34.91957699880682], "DAE-GP (test)": [34.06688162195417, 37.79444788286733, 30.815881145717658, 36.92233469140094, 31.214885087853073, 31.106840962349654, 30.821212441871392, 33.98869889094127, 34.29915733045195, 36.24092801978986], "Pre-Trained (train)": [34.87093717918968, 34.90011348016071, 35.953161141389366, 36.03202659561283, 35.05659156617022, 35.16563146370347, 35.565338469050296, 35.05659156617022, 35.953161141389366, 34.90011348016071], "Pre-Trained (test)": [36.19913223227431, 34.8110653106905, 35.80992970050751, 35.931781316891225, 36.011552492299714, 35.2057380135085, 35.51804013433234, 36.011552492299714, 35.80992970050751, 34.8110653106905]}