{"DAE-GP (train)": [36.83771112656919, 31.10916177920143, 35.147984653098305, 33.437312233008285, 34.15691094016683, 33.65311978400108, 31.356223231323707, 34.91957699880682, 31.692898107169444, 31.36334580321489], "DAE-GP (test)": [37.79444788286733, 31.106840962349654, 36.92233469140094, 34.06688162195417, 33.98869889094127, 34.29915733045195, 30.815881145717658, 36.24092801978986, 31.214885087853073, 30.821212441871392], "Pre-Trained (train)": [34.90011348016071, 35.05659156617022, 35.953161141389366, 35.16563146370347, 34.87093717918968, 34.90011348016071, 35.05659156617022, 35.953161141389366, 36.03202659561283, 35.565338469050296], "Pre-Trained (test)": [34.8110653106905, 36.011552492299714, 35.80992970050751, 35.2057380135085, 36.19913223227431, 34.8110653106905, 36.011552492299714, 35.80992970050751, 35.931781316891225, 35.51804013433234]}