{"DAE-GP (train)": [34.91957699880682, 31.36334580321489, 31.10916177920143, 36.83771112656919, 33.437312233008285, 31.356223231323707, 34.15691094016683, 35.147984653098305, 31.692898107169444, 33.65311978400108], "DAE-GP (test)": [36.24092801978986, 30.821212441871392, 31.106840962349654, 37.79444788286733, 34.06688162195417, 30.815881145717658, 33.98869889094127, 36.92233469140094, 31.214885087853073, 34.29915733045195], "Pre-Trained (train)": [34.90011348016071, 35.953161141389366, 35.953161141389366, 34.90011348016071, 34.87093717918968, 35.05659156617022, 35.05659156617022, 35.565338469050296, 36.03202659561283, 35.16563146370347], "Pre-Trained (test)": [34.8110653106905, 35.80992970050751, 35.80992970050751, 34.8110653106905, 36.19913223227431, 36.011552492299714, 36.011552492299714, 35.51804013433234, 35.931781316891225, 35.2057380135085]}