{"problem": "Airfoil", "hiddenLayer": 1, "DAE-GP": [35.147984653098305, 31.10916177920143, 33.65311978400108, 31.36334580321489, 36.83771112656919, 31.356223231323707, 34.91957699880682, 31.692898107169444, 34.15691094016683, 33.437312233008285], "Pre-Trained": [35.953161141389366, 34.90011348016071, 36.03202659561283, 35.16563146370347, 34.87093717918968, 35.953161141389366, 34.90011348016071, 35.05659156617022, 35.05659156617022, 35.565338469050296]}