{"REG_TRAIN_MED_FF": 7.064439135978468, "REG_TEST_MED_FF": 6.9910485873796535, "PT_TRAIN_MED_FF": 7.710894925651658, "PT_TEST_MED_FF": 7.6799164902281145, "GP_TRAIN_MED_FF": 31.780636378715684, "GP_TEST_MED_FF": 32.023874273087, "REG_TRAIN_STDD_FF": 11.607674492121433, "REG_TEST_STDD_FF": 11.988879549183313, "PT_TRAIN_STDD_FF": 12.21145903664901, "PT_TEST_STDD_FF": 12.547525283899176, "GP_TRAIN_STDD_FF": 1.2432689072462064, "GP_TEST_STDD_FF": 1.7882542347838561, "REG_MED_LEVDIV": 0.861, "PT_MED_LEVDIV": 0.925, "GP_MED_LEVDIV": 0.705, "REG_MED_BEST_SIZE": 5.0, "PT_MED_BEST_SIZE": 5.0, "GP_MED_BEST_SIZE": 38.0, "REG_MED_AVG_SIZE": 1.536, "PT_MED_AVG_SIZE": 1.536}