{"REG_TRAIN_MED_FF": 7.064439135978468, "REG_TEST_MED_FF": 6.9910485873796535, "PT_TRAIN_MED_FF": 7.710894925651658, "PT_TEST_MED_FF": 7.6799164902281145, "GP_TRAIN_MED_FF": 31.780636378715684, "GP_TEST_MED_FF": 32.023874273087}