{"problem": "Airfoil", "hiddenLayer": 1, "DAE-GP (train)": [6.976266615805829, 35.224189871410864, 30.874571982154265, 18.24961792781751, 6.952755888571949, 6.865511122805316, 7.072486121495633, 35.659545442939546, 6.741766753607934, 26.00340470128073], "DAE-GP (test)": [6.819572542388874, 36.63235572378154, 32.06446034810026, 18.13757686040286, 6.843509014313443, 6.930915087068152, 6.719866306373358, 36.42917252790432, 7.051182087691155, 25.546160803231754], "Pre-Trained (train)": [7.07626550664905, 35.616012760443354, 38.30881339075815, 35.349005643494394, 35.147984653098305, 6.936208517569312, 7.011864324955564, 8.345524344654267, 24.21006170096599, 6.695446177662549], "Pre-Trained (test)": [6.724909582976736, 36.05024781768851, 37.916954489007914, 35.55326366526355, 36.92233469140094, 6.860257710639082, 6.783014551479682, 8.499575269817147, 23.92660125822192, 7.095122309757988]}