{"problem": "Airfoil", "hiddenLayer": 1, "DAE-GP (train)": [35.224189871410864, 35.659545442939546, 6.976266615805829, 6.952755888571949, 6.741766753607934, 30.874571982154265, 26.00340470128073, 7.072486121495633, 18.24961792781751, 6.865511122805316], "DAE-GP (test)": [36.63235572378154, 36.42917252790432, 6.819572542388874, 6.843509014313443, 7.051182087691155, 32.06446034810026, 25.546160803231754, 6.719866306373358, 18.13757686040286, 6.930915087068152], "Pre-Trained (train)": [6.695446177662549, 35.616012760443354, 7.07626550664905, 7.011864324955564, 6.936208517569312, 8.345524344654267, 38.30881339075815, 24.21006170096599, 35.349005643494394, 35.147984653098305], "Pre-Trained (test)": [7.095122309757988, 36.05024781768851, 6.724909582976736, 6.783014551479682, 6.860257710639082, 8.499575269817147, 37.916954489007914, 23.92660125822192, 35.55326366526355, 36.92233469140094]}