{"problem": "Airfoil", "hiddenLayer": 1, "DAE-GP (train)": [6.865511122805316, 26.00340470128073, 6.976266615805829, 6.741766753607934, 35.659545442939546, 30.874571982154265, 35.224189871410864, 6.952755888571949, 18.24961792781751, 7.072486121495633], "DAE-GP (test)": [6.930915087068152, 25.546160803231754, 6.819572542388874, 7.051182087691155, 36.42917252790432, 32.06446034810026, 36.63235572378154, 6.843509014313443, 18.13757686040286, 6.719866306373358], "Pre-Trained (train)": [6.936208517569312, 35.616012760443354, 7.07626550664905, 35.147984653098305, 8.345524344654267, 24.21006170096599, 7.011864324955564, 35.349005643494394, 6.695446177662549, 38.30881339075815], "Pre-Trained (test)": [6.860257710639082, 36.05024781768851, 6.724909582976736, 36.92233469140094, 8.499575269817147, 23.92660125822192, 6.783014551479682, 35.55326366526355, 7.095122309757988, 37.916954489007914]}