{"problem": "Airfoil", "hiddenLayer": 1, "DAE-GP (train)": [[35.9367968087931, 35.9367968087931, 32.38764894804557, 32.38764894804557, 32.38764894804557, 32.38764894804557, 32.38764894804557, 32.38764894804557, 6.976266615805829, 6.976266615805829, 6.976266615805829, 6.976266615805829, 6.976266615805829, 6.976266615805829, 6.976266615805829, 6.976266615805829, 6.976266615805829, 6.976266615805829, 6.976266615805829, 6.976266615805829, 6.976266615805829, 6.976266615805829, 6.976266615805829, 6.976266615805829, 6.976266615805829, 6.976266615805829, 6.976266615805829, 6.976266615805829, 6.976266615805829, 6.976266615805829, 6.976266615805829], [37.90406485664114, 37.90406485664114, 37.90406485664114, 37.90406485664114, 37.90406485664114, 37.90406485664114, 37.90406485664114, 35.224189871410864, 35.224189871410864, 35.224189871410864, 35.224189871410864, 35.224189871410864, 35.224189871410864, 35.224189871410864, 35.224189871410864, 35.224189871410864, 35.224189871410864, 35.224189871410864, 35.224189871410864, 35.224189871410864, 35.224189871410864, 35.224189871410864, 35.224189871410864, 35.224189871410864, 35.224189871410864, 35.224189871410864, 35.224189871410864, 35.224189871410864, 35.224189871410864, 35.224189871410864, 35.224189871410864], [33.41047319366852, 33.41047319366852, 33.41047319366852, 33.41047319366852, 33.41047319366852, 33.41047319366852, 33.41047319366852, 33.41047319366852, 33.41047319366852, 33.41047319366852, 33.41047319366852, 33.41047319366852, 33.41047319366852, 33.41047319366852, 33.41047319366852, 33.41047319366852, 33.41047319366852, 30.874571982154265, 30.874571982154265, 30.874571982154265, 30.874571982154265, 30.874571982154265, 30.874571982154265, 30.874571982154265, 30.874571982154265, 30.874571982154265, 30.874571982154265, 30.874571982154265, 30.874571982154265, 30.874571982154265, 30.874571982154265], [38.542675474405016, 38.542675474405016, 38.542675474405016, 26.059262391240072, 26.059262391240072, 26.059262391240072, 26.059262391240072, 26.059262391240072, 26.059262391240072, 26.059262391240072, 26.059262391240072, 26.059262391240072, 26.059262391240072, 18.24961792781751, 18.24961792781751, 18.24961792781751, 18.24961792781751, 18.24961792781751, 18.24961792781751, 18.24961792781751, 18.24961792781751, 18.24961792781751, 18.24961792781751, 18.24961792781751, 18.24961792781751, 18.24961792781751, 18.24961792781751, 18.24961792781751, 18.24961792781751, 18.24961792781751, 18.24961792781751], [38.29993950706586, 38.09785425891011, 38.09785425891011, 38.09785425891011, 38.09785425891011, 38.09785425891011, 38.09785425891011, 6.952755888571949, 6.952755888571949, 6.952755888571949, 6.952755888571949, 6.952755888571949, 6.952755888571949, 6.952755888571949, 6.952755888571949, 6.952755888571949, 6.952755888571949, 6.952755888571949, 6.952755888571949, 6.952755888571949, 6.952755888571949, 6.952755888571949, 6.952755888571949, 6.952755888571949, 6.952755888571949, 6.952755888571949, 6.952755888571949, 6.952755888571949, 6.952755888571949, 6.952755888571949, 6.952755888571949], [38.803720899253506, 6.865511122805316, 6.865511122805316, 6.865511122805316, 6.865511122805316, 6.865511122805316, 6.865511122805316, 6.865511122805316, 6.865511122805316, 6.865511122805316, 6.865511122805316, 6.865511122805316, 6.865511122805316, 6.865511122805316, 6.865511122805316, 6.865511122805316, 6.865511122805316, 6.865511122805316, 6.865511122805316, 6.865511122805316, 6.865511122805316, 6.865511122805316, 6.865511122805316, 6.865511122805316, 6.865511122805316, 6.865511122805316, 6.865511122805316, 6.865511122805316, 6.865511122805316, 6.865511122805316, 6.865511122805316], [39.37385941092532, 39.37385941092532, 39.37385941092532, 25.75396922374549, 25.75396922374549, 25.75396922374549, 25.75396922374549, 25.75396922374549, 25.75396922374549, 25.75396922374549, 25.75396922374549, 25.75396922374549, 25.75396922374549, 25.75396922374549, 25.75396922374549, 25.75396922374549, 25.75396922374549, 25.75396922374549, 25.75396922374549, 25.75396922374549, 25.75396922374549, 25.75396922374549, 25.75396922374549, 25.75396922374549, 25.75396922374549, 7.072486121495633, 7.072486121495633, 7.072486121495633, 7.072486121495633, 7.072486121495633, 7.072486121495633], [38.31969979005381, 38.31969979005381, 38.31969979005381, 38.31969979005381, 38.31969979005381, 38.31969979005381, 38.31969979005381, 38.31969979005381, 38.31969979005381, 38.31969979005381, 38.31969979005381, 38.31969979005381, 38.31969979005381, 38.31969979005381, 35.69060706770786, 35.69060706770786, 35.69060706770786, 35.69060706770786, 35.69060706770786, 35.69060706770786, 35.69060706770786, 35.69060706770786, 35.69060706770786, 35.659545442939546, 35.659545442939546, 35.659545442939546, 35.659545442939546, 35.659545442939546, 35.659545442939546, 35.659545442939546, 35.659545442939546], [37.404256194431795, 37.404256194431795, 37.404256194431795, 37.404256194431795, 37.404256194431795, 37.404256194431795, 37.404256194431795, 37.404256194431795, 37.404256194431795, 37.404256194431795, 6.741766753607934, 6.741766753607934, 6.741766753607934, 6.741766753607934, 6.741766753607934, 6.741766753607934, 6.741766753607934, 6.741766753607934, 6.741766753607934, 6.741766753607934, 6.741766753607934, 6.741766753607934, 6.741766753607934, 6.741766753607934, 6.741766753607934, 6.741766753607934, 6.741766753607934, 6.741766753607934, 6.741766753607934, 6.741766753607934, 6.741766753607934], [42.955024177689, 42.955024177689, 42.955024177689, 26.00340470128073, 26.00340470128073, 26.00340470128073, 26.00340470128073, 26.00340470128073, 26.00340470128073, 26.00340470128073, 26.00340470128073, 26.00340470128073, 26.00340470128073, 26.00340470128073, 26.00340470128073, 26.00340470128073, 26.00340470128073, 26.00340470128073, 26.00340470128073, 26.00340470128073, 26.00340470128073, 26.00340470128073, 26.00340470128073, 26.00340470128073, 26.00340470128073, 26.00340470128073, 26.00340470128073, 26.00340470128073, 26.00340470128073, 26.00340470128073, 26.00340470128073]],