{"REG_TRAIN_MED_FF": 12.661052024656572, "REG_TEST_MED_FF": 12.594379474047006, "PT_TRAIN_MED_FF": 16.27779302281013, "PT_TEST_MED_FF": 16.213088264019532, "REG_TRAIN_STDD_FF": 12.050164834225349, "REG_TEST_STDD_FF": 12.488697280439604, "PT_TRAIN_STDD_FF": 13.707149095340789, "PT_TEST_STDD_FF": 13.93079591583956}