{"problem": "Boston_Housing", "hiddenLayer": 2, "DAE-GP (train)": [8.041973415565652, 7.792039793423317, 8.558340797979419, 7.906954441347781, 7.740827177460064, 8.001501546831856, 8.186682817680936, 8.253059678145291, 7.788116173397217, 8.320102906782262], "DAE-GP (test)": [8.357758166978744, 8.106546533244114, 8.330202196933955, 7.994501379097715, 8.2135880041055, 7.89987049476079, 7.707801585447851, 6.891355796201637, 7.359870340187608, 7.563588332167347], "Pre-Trained (train)": [8.453946481183765, 7.819361376226054, 7.792039793423317, 8.117763939866643, 8.320102906782262, 8.064433168037548, 8.50872189024495, 6.141225158198497, 7.8898044936620915, 8.04411562803234], "Pre-Trained (test)": [8.915844627789195, 8.08019606853255, 8.106546533244114, 7.780352784710052, 7.563588332167347, 8.809221505582554, 7.350757282920656, 6.631228583492009, 8.517075876900947, 7.856474056521189]}