{"problem": "Boston_Housing", "hiddenLayer": 2, "DAE-GP (train)": [8.186682817680936, 7.906954441347781, 8.320102906782262, 7.792039793423317, 8.558340797979419, 8.041973415565652, 7.788116173397217, 7.740827177460064, 8.001501546831856, 8.253059678145291], "DAE-GP (test)": [7.707801585447851, 7.994501379097715, 7.563588332167347, 8.106546533244114, 8.330202196933955, 8.357758166978744, 7.359870340187608, 8.2135880041055, 7.89987049476079, 6.891355796201637], "Pre-Trained (train)": [7.819361376226054, 8.064433168037548, 8.117763939866643, 8.320102906782262, 8.04411562803234, 8.453946481183765, 7.8898044936620915, 7.792039793423317, 6.141225158198497, 8.50872189024495], "Pre-Trained (test)": [8.08019606853255, 8.809221505582554, 7.780352784710052, 7.563588332167347, 7.856474056521189, 8.915844627789195, 8.517075876900947, 8.106546533244114, 6.631228583492009, 7.350757282920656]}