{"problem": "Concrete", "hiddenLayer": 2, "DAE-GP (train)": [16.016534308711606, 16.178235968736118, 18.039793213393818, 15.765246496401122, 17.03237921020611, 19.32276425265698, 17.21890851045043, 17.040813400751247, 17.833943353447676, 18.69576904003718], "DAE-GP (test)": [17.047240069306895, 17.26966345741225, 18.593024254455603, 15.67523871228654, 16.89298516429401, 17.330846757620925, 16.200896061757927, 16.38812137299216, 17.529105261311425, 18.099878475320164], "Pre-Trained (train)": [17.293453212141745, 16.643511485353887, 16.03448849421526, 16.05831284621464, 16.730128615618757, 18.405774779745578, 16.46744284100449, 17.234895083628718, 17.917495577426514, 18.58311334915581], "Pre-Trained (test)": [16.91431232272914, 16.75355258659621, 15.693834128839455, 16.059124075706993, 16.667057188952278, 17.65837949002094, 16.72906332124017, 16.1838881283657, 18.780064428345277, 18.29017917815274]}