{"problem": "Concrete", "hiddenLayer": 2, "DAE-GP (train)": [[28.103675388026417, 28.103675388026417, 28.103675388026417, 16.908578543139413, 16.908578543139413, 16.908578543139413, 16.908578543139413, 16.908578543139413, 16.908578543139413, 16.484814701056102, 16.484814701056102, 16.484814701056102, 16.484814701056102, 16.484814701056102, 16.484814701056102, 16.484814701056102, 16.484814701056102, 16.484814701056102, 16.484814701056102, 16.484814701056102, 16.484814701056102, 16.484814701056102, 16.484814701056102, 16.484814701056102, 16.484814701056102, 16.484814701056102, 16.484814701056102, 16.484814701056102, 16.484814701056102, 16.484814701056102, 16.016534308711606], [28.84505585975845, 28.84505585975845, 28.84505585975845, 28.84505585975845, 28.68023630929985, 28.68023630929985, 18.039793213393818, 18.039793213393818, 18.039793213393818, 18.039793213393818, 18.039793213393818, 18.039793213393818, 18.039793213393818, 18.039793213393818, 18.039793213393818, 18.039793213393818, 18.039793213393818, 18.039793213393818, 18.039793213393818, 18.039793213393818, 18.039793213393818, 18.039793213393818, 18.039793213393818, 18.039793213393818, 18.039793213393818, 18.039793213393818, 18.039793213393818, 18.039793213393818, 18.039793213393818, 18.039793213393818, 18.039793213393818], [34.81475092028248, 34.24008553262613, 18.533340623542873, 18.533340623542873, 18.533340623542873, 18.533340623542873, 18.533340623542873, 18.533340623542873, 18.533340623542873, 18.533340623542873, 18.533340623542873, 18.533340623542873, 18.533340623542873, 18.533340623542873, 18.533340623542873, 18.533340623542873, 18.533340623542873, 17.040813400751247, 17.040813400751247, 17.040813400751247, 17.040813400751247, 17.040813400751247, 17.040813400751247, 17.040813400751247, 17.040813400751247, 17.040813400751247, 17.040813400751247, 17.040813400751247, 17.040813400751247, 17.040813400751247, 17.040813400751247], [27.89779762373228, 18.56829464737814, 18.56829464737814, 18.56829464737814, 18.56829464737814, 18.56829464737814, 18.56829464737814, 18.47714464330908, 18.47714464330908, 18.47714464330908, 18.47714464330908, 18.47714464330908, 18.47714464330908, 18.47714464330908, 18.47714464330908, 16.166302896830377, 16.166302896830377, 16.166302896830377, 16.166302896830377, 16.166302896830377, 16.166302896830377, 16.166302896830377, 16.166302896830377, 16.166302896830377, 16.166302896830377, 16.166302896830377, 16.166302896830377, 16.166302896830377, 15.765246496401122, 15.765246496401122, 15.765246496401122], [19.316285943293888, 19.316285943293888, 19.316285943293888, 19.316285943293888, 19.316285943293888, 19.316285943293888, 19.316285943293888, 19.316285943293888, 19.316285943293888, 19.316285943293888, 19.316285943293888, 19.316285943293888, 19.316285943293888, 19.316285943293888, 19.316285943293888, 19.316285943293888, 19.316285943293888, 19.316285943293888, 19.316285943293888, 19.316285943293888, 19.316285943293888, 19.316285943293888, 17.03237921020611, 17.03237921020611, 17.03237921020611, 17.03237921020611, 17.03237921020611, 17.03237921020611, 17.03237921020611, 17.03237921020611, 17.03237921020611], [24.38108374781813, 20.369983556426796, 20.369983556426796, 20.369983556426796, 20.369983556426796, 20.139220354940615, 20.139220354940615, 20.139220354940615, 20.139220354940615, 20.139220354940615, 20.139220354940615, 20.139220354940615, 20.139220354940615, 18.697044282184095, 18.697044282184095, 18.697044282184095, 18.69576904003718, 18.69576904003718, 18.69576904003718, 18.69576904003718, 18.69576904003718, 18.69576904003718, 18.69576904003718, 18.69576904003718, 18.69576904003718, 18.69576904003718, 18.69576904003718, 18.69576904003718, 18.69576904003718, 18.69576904003718, 18.69576904003718], [31.441290533358032, 29.604787213010592, 29.604787213010592, 28.60823124132776, 28.60823124132776, 26.02274997221671, 26.02274997221671, 23.120852219990525, 23.120852219990525, 23.120852219990525, 23.120852219990525, 18.56096944825464, 18.56096944825464, 18.56096944825464, 18.56096944825464, 18.54125974636095, 18.54125974636095, 18.54125974636095, 18.54125974636095, 18.54125974636095, 18.54125974636095, 18.54125974636095, 18.54125974636095, 18.54125974636095, 18.54125974636095, 18.54125974636095, 18.54125974636095, 18.54125974636095, 18.54125974636095, 17.833943353447676, 17.833943353447676], [22.88218386442024, 22.88218386442024, 22.88218386442024, 22.88218386442024, 22.88218386442024, 22.88218386442024, 19.32276425265698, 19.32276425265698, 19.32276425265698, 19.32276425265698, 19.32276425265698, 19.32276425265698, 19.32276425265698, 19.32276425265698, 19.32276425265698, 19.32276425265698, 19.32276425265698, 19.32276425265698, 19.32276425265698, 19.32276425265698, 19.32276425265698, 19.32276425265698, 19.32276425265698, 19.32276425265698, 19.32276425265698, 19.32276425265698, 19.32276425265698, 19.32276425265698, 19.32276425265698, 19.32276425265698, 19.32276425265698], [33.03510492054764, 29.18639447730376, 29.18639447730376, 22.840550182107243, 17.21890851045043, 17.21890851045043, 17.21890851045043, 17.21890851045043, 17.21890851045043, 17.21890851045043, 17.21890851045043, 17.21890851045043, 17.21890851045043, 17.21890851045043, 17.21890851045043, 17.21890851045043, 17.21890851045043, 17.21890851045043, 17.21890851045043, 17.21890851045043, 17.21890851045043, 17.21890851045043, 17.21890851045043, 17.21890851045043, 17.21890851045043, 17.21890851045043, 17.21890851045043, 17.21890851045043, 17.21890851045043, 17.21890851045043, 17.21890851045043], [32.99253358259783, 25.125177790995355, 25.125177790995355, 25.125177790995355, 18.35022033652901, 17.105360648423094, 17.105360648423094, 17.105360648423094, 17.105360648423094, 17.105360648423094, 17.105360648423094, 17.105360648423094, 17.105360648423094, 17.105360648423094, 17.105360648423094, 17.105360648423094, 17.105360648423094, 17.105360648423094, 17.105360648423094, 16.46709680244337, 16.46709680244337, 16.46709680244337, 16.178235968736118, 16.178235968736118, 16.178235968736118, 16.178235968736118, 16.178235968736118, 16.178235968736118, 16.178235968736118, 16.178235968736118, 16.178235968736118]],