{"DAE-GP (train)": [5.895299151301257, 4.480445098564427, 4.337104482457938, 4.533227413361258, 5.42267703853329, 4.550882869931211, 4.3649513766860375, 4.337181364377099, 3.954563917962384, 4.337181364377099, 4.480445098564427], "DAE-GP (test)": [5.594871814885485, 4.612536048865454, 4.423649587055852, 4.341987022330137, 5.140073946357891, 4.453997502244472, 4.647598898445662, 4.747497751008771, 4.518117377339445, 4.747497751008771, 4.612536048865454], "Pre-Trained (train)": [5.612030279156258, 4.984480288856603, 4.67754072559324, 5.109217776025856, 4.627477517728566, 4.67754072559324, 4.480445098564427, 4.984480288856603, 4.533227413361258, 4.40414633588811, 4.627208931958876, 4.453064838774901], "Pre-Trained (test)": [5.878967498988803, 5.372248811407255, 5.12388054338864, 5.076970731969272, 4.465011635623137, 5.12388054338864, 4.612536048865454, 5.372248811407255, 4.341987022330137, 4.159857425691815, 4.561784989635818, 4.63897516968996]}