{"DAE-GP (train)": 4.480445098564427, "DAE-GP (test)": 4.612536048865454, "Pre-Trained (train)": 4.652509121660903, "Pre-Trained (test)": 4.857972950829616}