{"problem": "Energy(Cooling)", "hiddenLayer": 2, "DAE-GP": [4.480445098564427, 4.3649513766860375, 4.533227413361258, 4.480445098564427, 4.337104482457938, 4.337181364377099, 5.895299151301257, 4.337181364377099, 4.550882869931211, 3.954563917962384], "Pre-Trained": [4.533227413361258, 4.67754072559324, 5.612030279156258, 4.627208931958876, 4.480445098564427, 4.453064838774901, 5.109217776025856, 4.627477517728566, 4.67754072559324, 4.984480288856603]}