{"problem": "Airfoil", "hiddenLayer": 2, "DAE-GP (train)": [12.126054612252643, 6.936208517569312, 11.162440779888778, 8.511427852944074, 7.011864324955564, 32.381523241245574, 18.7403238547548, 32.19254569887774, 9.593725494518855, 36.106049518866705], "DAE-GP (test)": [11.772125548234328, 6.860257710639082, 10.908679453020827, 8.333658930997327, 6.783014551479682, 31.86269342536294, 18.616122549890807, 32.49592772018111, 9.825337847109402, 37.84076929546148], "Pre-Trained (train)": [7.02495233508762, 24.24754592598127, 6.865511122805316, 6.865511122805316, 16.651911421615903, 7.442301993338705, 7.497675941117702, 29.822198321971392, 31.832083368637832, 8.983344881080875], "Pre-Trained (test)": [6.962778143342229, 23.798043991429708, 6.930915087068152, 6.930915087068152, 16.665245598002908, 7.471050557997822, 7.4645345918154, 29.475294120015768, 33.2482436232072, 8.656094683592356]}