{"problem": "Airfoil", "hiddenLayer": 2, "DAE-GP (train)": [18.7403238547548, 6.936208517569312, 32.19254569887774, 12.126054612252643, 8.511427852944074, 11.162440779888778, 36.106049518866705, 9.593725494518855, 32.381523241245574, 7.011864324955564], "DAE-GP (test)": [18.616122549890807, 6.860257710639082, 32.49592772018111, 11.772125548234328, 8.333658930997327, 10.908679453020827, 37.84076929546148, 9.825337847109402, 31.86269342536294, 6.783014551479682], "Pre-Trained (train)": [31.832083368637832, 16.651911421615903, 7.442301993338705, 6.865511122805316, 8.983344881080875, 7.497675941117702, 24.24754592598127, 7.02495233508762, 29.822198321971392, 6.865511122805316], "Pre-Trained (test)": [33.2482436232072, 16.665245598002908, 7.471050557997822, 6.930915087068152, 8.656094683592356, 7.4645345918154, 23.798043991429708, 6.962778143342229, 29.475294120015768, 6.930915087068152]}