{"problem": "Airfoil", "hiddenLayer": 2, "DAE-GP (train)": [32.381523241245574, 36.106049518866705, 12.126054612252643, 9.593725494518855, 32.19254569887774, 6.936208517569312, 18.7403238547548, 7.011864324955564, 8.511427852944074, 11.162440779888778], "DAE-GP (test)": [31.86269342536294, 37.84076929546148, 11.772125548234328, 9.825337847109402, 32.49592772018111, 6.860257710639082, 18.616122549890807, 6.783014551479682, 8.333658930997327, 10.908679453020827], "Pre-Trained (train)": [6.865511122805316, 29.822198321971392, 31.832083368637832, 7.497675941117702, 16.651911421615903, 7.442301993338705, 7.02495233508762, 8.983344881080875, 24.24754592598127, 6.865511122805316], "Pre-Trained (test)": [6.930915087068152, 29.475294120015768, 33.2482436232072, 7.4645345918154, 16.665245598002908, 7.471050557997822, 6.962778143342229, 8.656094683592356, 23.798043991429708, 6.930915087068152]}