{"DAE-GP (train)": [32.381523241245574, 18.7403238547548, 9.593725494518855, 12.126054612252643, 32.19254569887774, 7.011864324955564, 11.162440779888778, 6.936208517569312, 8.511427852944074, 36.106049518866705], "DAE-GP (test)": [31.86269342536294, 18.616122549890807, 9.825337847109402, 11.772125548234328, 32.49592772018111, 6.783014551479682, 10.908679453020827, 6.860257710639082, 8.333658930997327, 37.84076929546148], "Pre-Trained (train)": [31.832083368637832, 7.02495233508762, 7.442301993338705, 29.822198321971392, 7.497675941117702, 16.651911421615903, 6.865511122805316, 6.865511122805316, 8.983344881080875, 24.24754592598127], "Pre-Trained (test)": [33.2482436232072, 6.962778143342229, 7.471050557997822, 29.475294120015768, 7.4645345918154, 16.665245598002908, 6.930915087068152, 6.930915087068152, 8.656094683592356, 23.798043991429708]}