{"problem": "Airfoil", "hiddenLayer": 2, "DAE-GP (train)": [32.19254569887774, 11.162440779888778, 18.7403238547548, 7.011864324955564, 36.106049518866705, 9.593725494518855, 6.936208517569312, 12.126054612252643, 8.511427852944074, 32.381523241245574], "DAE-GP (test)": [32.49592772018111, 10.908679453020827, 18.616122549890807, 6.783014551479682, 37.84076929546148, 9.825337847109402, 6.860257710639082, 11.772125548234328, 8.333658930997327, 31.86269342536294], "Pre-Trained (train)": [6.865511122805316, 29.822198321971392, 16.651911421615903, 7.442301993338705, 31.832083368637832, 7.497675941117702, 6.865511122805316, 7.02495233508762, 8.983344881080875, 24.24754592598127], "Pre-Trained (test)": [6.930915087068152, 29.475294120015768, 16.665245598002908, 7.471050557997822, 33.2482436232072, 7.4645345918154, 6.930915087068152, 6.962778143342229, 8.656094683592356, 23.798043991429708]}