{"problem": "Airfoil", "hiddenLayer": 2, "DAE-GP (train)": [12.126054612252643, 18.7403238547548, 6.936208517569312, 32.19254569887774, 36.106049518866705, 11.162440779888778, 8.511427852944074, 32.381523241245574, 9.593725494518855, 7.011864324955564], "DAE-GP (test)": [11.772125548234328, 18.616122549890807, 6.860257710639082, 32.49592772018111, 37.84076929546148, 10.908679453020827, 8.333658930997327, 31.86269342536294, 9.825337847109402, 6.783014551479682], "Pre-Trained (train)": [31.832083368637832, 16.651911421615903, 7.497675941117702, 7.02495233508762, 6.865511122805316, 7.442301993338705, 8.983344881080875, 29.822198321971392, 24.24754592598127, 6.865511122805316], "Pre-Trained (test)": [33.2482436232072, 16.665245598002908, 7.4645345918154, 6.962778143342229, 6.930915087068152, 7.471050557997822, 8.656094683592356, 29.475294120015768, 23.798043991429708, 6.930915087068152]}