{"problem": "Airfoil", "hiddenLayer": 2, "DAE-GP (train)": [12.126054612252643, 36.106049518866705, 32.19254569887774, 32.381523241245574, 6.936208517569312, 11.162440779888778, 9.593725494518855, 18.7403238547548, 7.011864324955564, 8.511427852944074], "DAE-GP (test)": [11.772125548234328, 37.84076929546148, 32.49592772018111, 31.86269342536294, 6.860257710639082, 10.908679453020827, 9.825337847109402, 18.616122549890807, 6.783014551479682, 8.333658930997327], "Pre-Trained (train)": [31.832083368637832, 8.983344881080875, 7.442301993338705, 6.865511122805316, 6.865511122805316, 16.651911421615903, 29.822198321971392, 7.497675941117702, 24.24754592598127, 7.02495233508762], "Pre-Trained (test)": [33.2482436232072, 8.656094683592356, 7.471050557997822, 6.930915087068152, 6.930915087068152, 16.665245598002908, 29.475294120015768, 7.4645345918154, 23.798043991429708, 6.962778143342229]}