{"problem": "Airfoil", "hiddenLayer": 2, "DAE-GP (train)": [7.011864324955564, 32.381523241245574, 9.593725494518855, 8.511427852944074, 18.7403238547548, 6.936208517569312, 12.126054612252643, 36.106049518866705, 32.19254569887774, 11.162440779888778], "DAE-GP (test)": [6.783014551479682, 31.86269342536294, 9.825337847109402, 8.333658930997327, 18.616122549890807, 6.860257710639082, 11.772125548234328, 37.84076929546148, 32.49592772018111, 10.908679453020827], "Pre-Trained (train)": [16.651911421615903, 7.497675941117702, 6.865511122805316, 8.983344881080875, 31.832083368637832, 6.865511122805316, 24.24754592598127, 7.02495233508762, 7.442301993338705, 29.822198321971392], "Pre-Trained (test)": [16.665245598002908, 7.4645345918154, 6.930915087068152, 8.656094683592356, 33.2482436232072, 6.930915087068152, 23.798043991429708, 6.962778143342229, 7.471050557997822, 29.475294120015768]}