{"problem": "Airfoil", "hiddenLayer": 2, "DAE-GP": [[38.31969979005381, 33.46475584044681, 33.46475584044681, 33.46475584044681, 33.46475584044681, 33.46475584044681, 33.46475584044681, 33.46475584044681, 33.46475584044681, 33.46475584044681, 33.46475584044681, 33.46475584044681, 33.46475584044681, 33.46475584044681, 33.46475584044681, 33.46475584044681, 32.19254569887774, 32.19254569887774, 32.19254569887774, 32.19254569887774, 32.19254569887774, 32.19254569887774, 32.19254569887774, 32.19254569887774, 32.19254569887774, 32.19254569887774, 32.19254569887774, 32.19254569887774, 32.19254569887774, 32.19254569887774, 32.19254569887774], [38.542675474405016, 25.82899186617439, 25.82899186617439, 25.82899186617439, 25.82899186617439, 25.82899186617439, 25.82899186617439, 25.82899186617439, 25.82899186617439, 25.82899186617439, 25.82899186617439, 25.82899186617439, 25.82899186617439, 6.936208517569312, 6.936208517569312, 6.936208517569312, 6.936208517569312, 6.936208517569312, 6.936208517569312, 6.936208517569312, 6.936208517569312, 6.936208517569312, 6.936208517569312, 6.936208517569312, 6.936208517569312, 6.936208517569312, 6.936208517569312, 6.936208517569312, 6.936208517569312, 6.936208517569312, 6.936208517569312], [35.9367968087931, 9.593725494518855, 9.593725494518855, 9.593725494518855, 9.593725494518855, 9.593725494518855, 9.593725494518855, 9.593725494518855, 9.593725494518855, 9.593725494518855, 9.593725494518855, 9.593725494518855, 9.593725494518855, 9.593725494518855, 9.593725494518855, 9.593725494518855, 9.593725494518855, 9.593725494518855, 9.593725494518855, 9.593725494518855, 9.593725494518855, 9.593725494518855, 9.593725494518855, 9.593725494518855, 9.593725494518855, 9.593725494518855, 9.593725494518855, 9.593725494518855, 9.593725494518855, 9.593725494518855, 9.593725494518855], [37.80884660172095, 37.80884660172095, 37.80884660172095, 37.80884660172095, 37.80884660172095, 37.805790348783056, 37.805790348783056, 37.805790348783056, 37.805790348783056, 37.805790348783056, 37.805790348783056, 37.805790348783056, 37.805790348783056, 37.805790348783056, 37.805790348783056, 37.805790348783056, 37.805790348783056, 37.805790348783056, 37.805790348783056, 37.805790348783056, 37.805790348783056, 37.805790348783056, 37.805790348783056, 36.106049518866705, 36.106049518866705, 36.106049518866705, 36.106049518866705, 36.106049518866705, 36.106049518866705, 36.106049518866705, 36.106049518866705], [37.404256194431795, 37.404256194431795, 37.404256194431795, 37.404256194431795, 37.404256194431795, 37.404256194431795, 37.404256194431795, 37.404256194431795, 37.404256194431795, 37.404256194431795, 37.404256194431795, 37.404256194431795, 37.404256194431795, 37.404256194431795, 37.404256194431795, 37.404256194431795, 37.404256194431795, 37.404256194431795, 37.404256194431795, 37.404256194431795, 37.404256194431795, 37.404256194431795, 32.381523241245574, 32.381523241245574, 32.381523241245574, 32.381523241245574, 32.381523241245574, 32.381523241245574, 32.381523241245574, 32.381523241245574, 32.381523241245574], [38.29993950706586, 38.29993950706586, 38.09785425891011, 38.09785425891011, 38.09785425891011, 37.94895852405999, 37.94895852405999, 35.33844300088829, 35.33844300088829, 35.33844300088829, 35.33844300088829, 35.33844300088829, 35.33844300088829, 35.33844300088829, 35.33844300088829, 35.33844300088829, 35.33844300088829, 35.33844300088829, 35.33844300088829, 35.33844300088829, 35.33844300088829, 35.33844300088829, 33.92511689230908, 33.29632739769409, 33.29632739769409, 33.29632739769409, 33.29632739769409, 12.126054612252643, 12.126054612252643, 12.126054612252643, 12.126054612252643], [42.955024177689, 42.955024177689, 42.955024177689, 42.955024177689, 42.955024177689, 11.162440779888778, 11.162440779888778, 11.162440779888778, 11.162440779888778, 11.162440779888778, 11.162440779888778, 11.162440779888778, 11.162440779888778, 11.162440779888778, 11.162440779888778, 11.162440779888778, 11.162440779888778, 11.162440779888778, 11.162440779888778, 11.162440779888778, 11.162440779888778, 11.162440779888778, 11.162440779888778, 11.162440779888778, 11.162440779888778, 11.162440779888778, 11.162440779888778, 11.162440779888778, 11.162440779888778, 11.162440779888778, 11.162440779888778], [38.11675960499222, 38.11675960499222, 38.11675960499222, 38.11675960499222, 38.11675960499222, 38.11675960499222, 38.11675960499222, 38.11675960499222, 38.11675960499222, 38.11675960499222, 38.11675960499222, 38.11675960499222, 38.11675960499222, 38.11675960499222, 38.11675960499222, 38.11675960499222, 38.11675960499222, 38.11675960499222, 38.11675960499222, 38.11675960499222, 8.511427852944074, 8.511427852944074, 8.511427852944074, 8.511427852944074, 8.511427852944074, 8.511427852944074, 8.511427852944074, 8.511427852944074, 8.511427852944074, 8.511427852944074, 8.511427852944074], [37.90406485664114, 37.90406485664114, 37.90406485664114, 37.90406485664114, 37.90406485664114, 37.90406485664114, 33.08663069021927, 33.08663069021927, 8.478904442160022, 8.478904442160022, 8.478904442160022, 8.478904442160022, 8.478904442160022, 8.478904442160022, 8.478904442160022, 8.478904442160022, 8.478904442160022, 8.478904442160022, 8.478904442160022, 8.478904442160022, 8.478904442160022, 8.478904442160022, 8.478904442160022, 7.011864324955564, 7.011864324955564, 7.011864324955564, 7.011864324955564, 7.011864324955564, 7.011864324955564, 7.011864324955564, 7.011864324955564], [39.37385941092532, 39.37385941092532, 39.37385941092532, 39.37385941092532, 39.15887830983782, 39.15887830983782, 39.15887830983782, 39.15887830983782, 39.15887830983782, 39.15887830983782, 39.15887830983782, 39.15887830983782, 39.15887830983782, 39.15887830983782, 39.15887830983782, 39.15887830983782, 39.15887830983782, 39.15887830983782, 39.15887830983782, 39.15887830983782, 39.15887830983782, 39.15887830983782, 39.15887830983782, 39.15887830983782, 39.15887830983782, 39.15887830983782, 39.15887830983782, 18.7403238547548, 18.7403238547548, 18.7403238547548, 18.7403238547548]],