{"problem": "Airfoil", "hiddenLayer": 2, "DAE-GP": [12.126054612252643, 9.593725494518855, 11.162440779888778, 36.106049518866705, 18.7403238547548, 32.19254569887774, 6.936208517569312, 32.381523241245574, 7.011864324955564, 8.511427852944074], "Pre-Trained": [6.865511122805316, 29.822198321971392, 7.442301993338705, 16.651911421615903, 8.983344881080875, 31.832083368637832, 7.497675941117702, 24.24754592598127, 6.865511122805316, 7.02495233508762]}