{"problem": "Airfoil", "hiddenLayer": 2, "DAE-GP": [18.7403238547548, 7.011864324955564, 12.126054612252643, 36.106049518866705, 9.593725494518855, 8.511427852944074, 11.162440779888778, 6.936208517569312, 32.381523241245574, 32.19254569887774], "Pre-Trained": [7.442301993338705, 7.497675941117702, 7.02495233508762, 24.24754592598127, 29.822198321971392, 6.865511122805316, 6.865511122805316, 16.651911421615903, 31.832083368637832, 8.983344881080875]}