{"problem": "Airfoil", "hiddenLayer": 2, "DAE-GP": [11.162440779888778, 12.126054612252643, 8.511427852944074, 36.106049518866705, 32.381523241245574, 6.936208517569312, 7.011864324955564, 18.7403238547548, 9.593725494518855, 32.19254569887774], "Pre-Trained": [16.651911421615903, 7.497675941117702, 29.822198321971392, 8.983344881080875, 6.865511122805316, 31.832083368637832, 7.02495233508762, 7.442301993338705, 24.24754592598127, 6.865511122805316]}