{"problem": "Airfoil", "hiddenLayer": 2, "DAE-GP": [11.162440779888778, 32.381523241245574, 36.106049518866705, 12.126054612252643, 7.011864324955564, 9.593725494518855, 8.511427852944074, 18.7403238547548, 6.936208517569312, 32.19254569887774], "Pre-Trained": [8.983344881080875, 7.442301993338705, 6.865511122805316, 7.02495233508762, 31.832083368637832, 29.822198321971392, 6.865511122805316, 7.497675941117702, 16.651911421615903, 24.24754592598127]}