{"problem": "Airfoil", "hiddenLayer": 2, "DAE-GP": [12.126054612252643, 36.106049518866705, 32.19254569887774, 32.381523241245574, 6.936208517569312, 11.162440779888778, 9.593725494518855, 18.7403238547548, 7.011864324955564, 8.511427852944074], "Pre-Trained": [31.832083368637832, 8.983344881080875, 7.442301993338705, 6.865511122805316, 6.865511122805316, 16.651911421615903, 29.822198321971392, 7.497675941117702, 24.24754592598127, 7.02495233508762]}