{"problem": "Airfoil", "hiddenLayer": 2, "DAE-GP": [18.7403238547548, 32.19254569887774, 12.126054612252643, 32.381523241245574, 7.011864324955564, 11.162440779888778, 8.511427852944074, 6.936208517569312, 36.106049518866705, 9.593725494518855], "Pre-Trained": [8.983344881080875, 29.822198321971392, 16.651911421615903, 31.832083368637832, 7.442301993338705, 7.497675941117702, 6.865511122805316, 24.24754592598127, 7.02495233508762, 6.865511122805316]}