{"problem": "Airfoil", "hiddenLayer": 2, "DAE-GP": [32.19254569887774, 11.162440779888778, 18.7403238547548, 7.011864324955564, 36.106049518866705, 9.593725494518855, 6.936208517569312, 12.126054612252643, 8.511427852944074, 32.381523241245574], "Pre-Trained": [6.865511122805316, 29.822198321971392, 16.651911421615903, 7.442301993338705, 31.832083368637832, 7.497675941117702, 6.865511122805316, 7.02495233508762, 8.983344881080875, 24.24754592598127]}