{"problem": "Airfoil", "hiddenLayer": 2, "DAE-GP": [11.162440779888778, 9.593725494518855, 12.126054612252643, 8.511427852944074, 32.19254569887774, 6.936208517569312, 18.7403238547548, 7.011864324955564, 32.381523241245574, 36.106049518866705], "Pre-Trained": [24.24754592598127, 7.497675941117702, 7.442301993338705, 6.865511122805316, 31.832083368637832, 6.865511122805316, 8.983344881080875, 16.651911421615903, 7.02495233508762, 29.822198321971392]}