{"problem": "Concrete", "hiddenLayer": 2, "DAE-GP (train)": [15.936452926808975, 18.087363216393413, 16.463053934624917, 17.656385148292795, 18.54125974636095, 16.55860836698569], "DAE-GP (test)": [15.221463241381745, 17.83664209313905, 16.930914150765236, 16.583951307540485, 18.16450260034316, 15.011608632220703], "Pre-Trained (train)": [16.975401655313586, 16.288501078326416, 16.682988447100918, 15.087969978040531, 18.35022033652901, 17.527977109563956], "Pre-Trained (test)": [17.448104734754185, 16.130181485565547, 16.514119104624093, 15.654929897546248, 18.357474807302214, 16.719611117556834]}