{"problem": "Concrete", "hiddenLayer": 2, "DAE-GP (train)": [18.54125974636095, 16.55860836698569, 17.656385148292795], "DAE-GP (test)": [18.16450260034316, 15.011608632220703, 16.583951307540485], "Pre-Trained (train)": [17.527977109563956, 15.087969978040531], "Pre-Trained (test)": [16.719611117556834, 15.654929897546248]}