{"problem": "Concrete", "hiddenLayer": 2, "DAE-GP (train)": [15.936452926808975, 17.656385148292795, 18.54125974636095, 16.55860836698569, 16.463053934624917], "DAE-GP (test)": [15.221463241381745, 16.583951307540485, 18.16450260034316, 15.011608632220703, 16.930914150765236], "Pre-Trained (train)": [15.087969978040531, 16.975401655313586, 16.682988447100918, 16.288501078326416, 17.527977109563956], "Pre-Trained (test)": [15.654929897546248, 17.448104734754185, 16.514119104624093, 16.130181485565547, 16.719611117556834]}