{"problem": "Concrete", "hiddenLayer": 2, "DAE-GP (train)": [17.656385148292795, 16.55860836698569], "DAE-GP (test)": [16.583951307540485, 15.011608632220703], "Pre-Trained (train)": [17.527977109563956], "Pre-Trained (test)": [16.719611117556834]}