{"problem": "Concrete", "hiddenLayer": 2, "DAE-GP (train)": [16.55860836698569, 15.936452926808975, 16.463053934624917, 18.087363216393413, 16.26475908691364, 16.60798009978881, 17.909110595730237, 17.656385148292795, 18.54125974636095, 16.026683309819703], "DAE-GP (test)": [15.011608632220703, 15.221463241381745, 16.930914150765236, 17.83664209313905, 17.069713911185175, 16.06799531912751, 16.310706151041746, 16.583951307540485, 18.16450260034316, 16.647849670670123], "Pre-Trained (train)": [17.354876855789314, 16.51729964153166, 18.186393630530233, 16.975401655313586, 16.682988447100918, 17.527977109563956, 18.35022033652901, 15.087969978040531, 16.11378903450346, 16.288501078326416], "Pre-Trained (test)": [17.070702080305985, 16.319926638396456, 18.51978818494714, 17.448104734754185, 16.514119104624093, 16.719611117556834, 18.357474807302214, 15.654929897546248, 16.563552744565428, 16.130181485565547]}