{"problem": "Concrete", "hiddenLayer": 2, "DAE-GP (train)": [16.463053934624917, 16.55860836698569, 17.656385148292795, 18.54125974636095], "DAE-GP (test)": [16.930914150765236, 15.011608632220703, 16.583951307540485, 18.16450260034316], "Pre-Trained (train)": [15.087969978040531, 17.527977109563956], "Pre-Trained (test)": [15.654929897546248, 16.719611117556834]}