{"problem": "Concrete", "hiddenLayer": 2, "DAE-GP (train)": [16.26475908691364, 18.54125974636095, 16.55860836698569, 16.026683309819703, 17.909110595730237, 16.60798009978881, 16.463053934624917, 18.087363216393413, 17.656385148292795, 15.936452926808975], "DAE-GP (test)": [17.069713911185175, 18.16450260034316, 15.011608632220703, 16.647849670670123, 16.310706151041746, 16.06799531912751, 16.930914150765236, 17.83664209313905, 16.583951307540485, 15.221463241381745], "Pre-Trained (train)": [18.35022033652901, 16.51729964153166, 16.288501078326416, 16.975401655313586, 16.682988447100918, 17.527977109563956, 17.354876855789314, 18.186393630530233, 16.11378903450346, 15.087969978040531], "Pre-Trained (test)": [18.357474807302214, 16.319926638396456, 16.130181485565547, 17.448104734754185, 16.514119104624093, 16.719611117556834, 17.070702080305985, 18.51978818494714, 16.563552744565428, 15.654929897546248]}