{"problem": "Concrete", "hiddenLayer": 2, "DAE-GP (train)": [17.656385148292795], "DAE-GP (test)": [16.583951307540485], "Pre-Trained (train)": [17.527977109563956], "Pre-Trained (test)": [16.719611117556834]}