{"problem": "Concrete", "hiddenLayer": 2, "DAE-GP (train)": [16.463053934624917, 17.909110595730237, 15.936452926808975, 16.55860836698569, 16.26475908691364, 16.026683309819703, 18.087363216393413, 17.656385148292795, 18.54125974636095, 16.60798009978881], "DAE-GP (test)": [16.930914150765236, 16.310706151041746, 15.221463241381745, 15.011608632220703, 17.069713911185175, 16.647849670670123, 17.83664209313905, 16.583951307540485, 18.16450260034316, 16.06799531912751], "Pre-Trained (train)": [16.975401655313586, 16.11378903450346, 16.51729964153166, 17.354876855789314, 18.35022033652901, 17.527977109563956, 18.186393630530233, 15.087969978040531, 16.288501078326416, 16.682988447100918], "Pre-Trained (test)": [17.448104734754185, 16.563552744565428, 16.319926638396456, 17.070702080305985, 18.357474807302214, 16.719611117556834, 18.51978818494714, 15.654929897546248, 16.130181485565547, 16.514119104624093]}