{"problem": "Concrete", "hiddenLayer": 2, "DAE-GP": [[27.89779762373228, 27.89779762373228, 27.89779762373228, 19.868516081029703, 19.868516081029703, 19.868516081029703, 19.868516081029703, 19.868516081029703, 19.868516081029703, 19.868516081029703, 19.868516081029703, 19.868516081029703, 19.868516081029703, 19.868516081029703, 19.868516081029703, 19.868516081029703, 19.868516081029703, 19.868516081029703, 19.868516081029703, 19.868516081029703, 18.087363216393413, 18.087363216393413, 18.087363216393413, 18.087363216393413, 18.087363216393413, 18.087363216393413, 18.087363216393413, 18.087363216393413, 18.087363216393413, 18.087363216393413, 18.087363216393413], [28.103675388026417, 20.34455286814112, 18.15403343433919, 18.15403343433919, 18.15403343433919, 18.15403343433919, 18.15403343433919, 18.15403343433919, 18.15403343433919, 18.15403343433919, 18.15403343433919, 18.15403343433919, 16.908578543139413, 16.908578543139413, 16.908578543139413, 16.908578543139413, 16.908578543139413, 16.908578543139413, 16.908578543139413, 16.908578543139413, 16.908578543139413, 16.908578543139413, 16.908578543139413, 16.908578543139413, 16.908578543139413, 16.908578543139413, 16.908578543139413, 16.463053934624917, 16.463053934624917, 16.463053934624917, 16.463053934624917], [20.372624663857646, 20.372624663857646, 20.372624663857646, 20.372624663857646, 20.372624663857646, 18.153720875782096, 18.153720875782096, 18.153720875782096, 16.026683309819703, 16.026683309819703, 16.026683309819703, 16.026683309819703, 16.026683309819703, 16.026683309819703, 16.026683309819703, 16.026683309819703, 16.026683309819703, 16.026683309819703, 16.026683309819703, 16.026683309819703, 16.026683309819703, 16.026683309819703, 16.026683309819703, 16.026683309819703, 16.026683309819703, 16.026683309819703, 16.026683309819703, 16.026683309819703, 16.026683309819703, 16.026683309819703, 16.026683309819703], [24.38108374781813, 24.38108374781813, 24.38108374781813, 24.38108374781813, 24.38108374781813, 24.38108374781813, 20.369983556426796, 20.122010845697076, 16.96337580892882, 16.96337580892882, 16.55860836698569, 16.55860836698569, 16.55860836698569, 16.55860836698569, 16.55860836698569, 16.55860836698569, 16.55860836698569, 16.55860836698569, 16.55860836698569, 16.55860836698569, 16.55860836698569, 16.55860836698569, 16.55860836698569, 16.55860836698569, 16.55860836698569, 16.55860836698569, 16.55860836698569, 16.55860836698569, 16.55860836698569, 16.55860836698569, 16.55860836698569], [19.316285943293888, 19.316285943293888, 19.316285943293888, 19.316285943293888, 19.316285943293888, 19.316285943293888, 19.316285943293888, 19.316285943293888, 19.316285943293888, 19.316285943293888, 19.316285943293888, 19.316285943293888, 19.316285943293888, 19.316285943293888, 19.316285943293888, 19.316285943293888, 19.316285943293888, 19.316285943293888, 19.316285943293888, 19.316285943293888, 19.316285943293888, 19.316285943293888, 19.316285943293888, 19.316285943293888, 19.316285943293888, 19.018727148000657, 16.814893473473802, 16.814893473473802, 16.814893473473802, 16.60798009978881, 16.60798009978881], [27.97927442780829, 24.806241279318535, 24.806241279318535, 24.806241279318535, 24.806241279318535, 18.87809168428059, 18.87809168428059, 18.87809168428059, 17.656385148292795, 17.656385148292795, 17.656385148292795, 17.656385148292795, 17.656385148292795, 17.656385148292795, 17.656385148292795, 17.656385148292795, 17.656385148292795, 17.656385148292795, 17.656385148292795, 17.656385148292795, 17.656385148292795, 17.656385148292795, 17.656385148292795, 17.656385148292795, 17.656385148292795, 17.656385148292795, 17.656385148292795, 17.656385148292795, 17.656385148292795, 17.656385148292795, 17.656385148292795], [34.81475092028248, 34.24008553262613, 30.76396708608606, 15.936452926808975, 15.936452926808975, 15.936452926808975, 15.936452926808975, 15.936452926808975, 15.936452926808975, 15.936452926808975, 15.936452926808975, 15.936452926808975, 15.936452926808975, 15.936452926808975, 15.936452926808975, 15.936452926808975, 15.936452926808975, 15.936452926808975, 15.936452926808975, 15.936452926808975, 15.936452926808975, 15.936452926808975, 15.936452926808975, 15.936452926808975, 15.936452926808975, 15.936452926808975, 15.936452926808975, 15.936452926808975, 15.936452926808975, 15.936452926808975, 15.936452926808975], [22.88218386442024, 22.88218386442024, 22.88218386442024, 22.88218386442024, 22.88218386442024, 19.643896000974127, 19.643896000974127, 19.32276425265698, 19.32276425265698, 17.911625817258347, 17.911625817258347, 17.911625817258347, 17.911625817258347, 17.911625817258347, 17.911625817258347, 17.909110595730237, 17.909110595730237, 17.909110595730237, 17.909110595730237, 17.909110595730237, 17.909110595730237, 17.909110595730237, 17.909110595730237, 17.909110595730237, 17.909110595730237, 17.909110595730237, 17.909110595730237, 17.909110595730237, 17.909110595730237, 17.909110595730237, 17.909110595730237], [32.99253358259783, 32.99253358259783, 25.365771214776583, 24.21046826969, 22.50224533048997, 22.50224533048997, 19.931350233637517, 19.931350233637517, 19.931350233637517, 19.931350233637517, 19.931350233637517, 18.72596510390908, 18.72596510390908, 18.72596510390908, 18.72596510390908, 18.72596510390908, 16.26475908691364, 16.26475908691364, 16.26475908691364, 16.26475908691364, 16.26475908691364, 16.26475908691364, 16.26475908691364, 16.26475908691364, 16.26475908691364, 16.26475908691364, 16.26475908691364, 16.26475908691364, 16.26475908691364, 16.26475908691364, 16.26475908691364], [31.441290533358032, 24.53516178884164, 18.54125974636095, 18.54125974636095, 18.54125974636095, 18.54125974636095, 18.54125974636095, 18.54125974636095, 18.54125974636095, 18.54125974636095, 18.54125974636095, 18.54125974636095, 18.54125974636095, 18.54125974636095, 18.54125974636095, 18.54125974636095, 18.54125974636095, 18.54125974636095, 18.54125974636095, 18.54125974636095, 18.54125974636095, 18.54125974636095, 18.54125974636095, 18.54125974636095, 18.54125974636095, 18.54125974636095, 18.54125974636095, 18.54125974636095, 18.54125974636095, 18.54125974636095, 18.54125974636095]],