{"problem": "Concrete", "hiddenLayer": 2, "DAE-GP": [18.087363216393413, 16.463053934624917, 17.656385148292795, 16.26475908691364, 16.026683309819703, 16.60798009978881, 15.936452926808975, 16.55860836698569, 17.909110595730237, 18.54125974636095], "Pre-Trained": [16.975401655313586, 16.288501078326416, 15.087969978040531, 17.354876855789314, 16.51729964153166, 18.35022033652901, 17.527977109563956, 18.186393630530233, 16.11378903450346, 16.682988447100918]}