{"problem": "Concrete", "hiddenLayer": 2, "DAE-GP": [16.026683309819703, 17.909110595730237, 15.936452926808975, 17.656385148292795, 16.60798009978881, 16.55860836698569, 18.54125974636095, 16.26475908691364, 16.463053934624917, 18.087363216393413], "Pre-Trained": [16.288501078326416, 17.354876855789314, 17.527977109563956, 16.11378903450346, 18.35022033652901, 16.975401655313586, 16.51729964153166, 16.682988447100918, 15.087969978040531, 18.186393630530233]}