{"problem": "Concrete", "hiddenLayer": 2, "DAE-GP": [16.463053934624917, 16.55860836698569, 17.656385148292795, 18.54125974636095], "Pre-Trained": [15.087969978040531, 17.527977109563956]}