{"problem": "Concrete", "hiddenLayer": 2, "DAE-GP": [15.936452926808975, 17.656385148292795, 18.54125974636095, 16.55860836698569, 16.463053934624917], "Pre-Trained": [15.087969978040531, 16.975401655313586, 16.682988447100918, 16.288501078326416, 17.527977109563956]}