{"problem": "Concrete", "hiddenLayer": 2, "DAE-GP": [17.909110595730237, 16.026683309819703, 16.60798009978881, 16.463053934624917, 18.54125974636095, 17.656385148292795, 16.26475908691364, 18.087363216393413, 15.936452926808975, 16.55860836698569], "Pre-Trained": [15.087969978040531, 18.35022033652901, 16.288501078326416, 17.527977109563956, 16.51729964153166, 16.682988447100918, 17.354876855789314, 18.186393630530233, 16.11378903450346, 16.975401655313586]}