{"problem": "Concrete", "hiddenLayer": 2, "DAE-GP": [17.656385148292795, 18.54125974636095, 16.463053934624917, 16.55860836698569], "Pre-Trained": [15.087969978040531, 16.975401655313586, 17.527977109563956, 16.682988447100918]}