{"problem": "Concrete", "hiddenLayer": 2, "DAE-GP": [15.936452926808975, 18.087363216393413, 16.463053934624917, 17.656385148292795, 18.54125974636095, 16.55860836698569], "Pre-Trained": [16.975401655313586, 16.288501078326416, 16.682988447100918, 15.087969978040531, 18.35022033652901, 17.527977109563956]}