{"problem": "Concrete", "hiddenLayer": 2, "DAE-GP": [18.54125974636095, 16.55860836698569, 17.656385148292795], "Pre-Trained": [17.527977109563956, 15.087969978040531]}