{"problem": "Concrete", "hiddenLayer": 2, "DAE-GP": [17.656385148292795, 16.55860836698569], "Pre-Trained": [17.527977109563956]}