Problem,Hidden_Layer,DAE-GP,Pre-Trained_DAE-GP,P_Value,Cliffs_Delta
Airfoil,1,186.0,58.306451612903224,0.00***,-0.94
Airfoil,2,140.69354838709677,62.75806451612903,0.00***,-0.88
Boston_Housing,2,167.16129032258064,65.61290322580645,0.00***,-0.87
Energy_Cooling,2,154.32258064516128,66.79032258064517,0.00***,-0.94
concrete,2,156.66129032258064,63.67741935483871,0.00***,-0.88
