DAE-GP,2nd_Gen-PT,P_Value,Grow-PT,P_Value
143.82258064516128,126.96774193548387,0.00***,64.53405017921146,0.00***
