Standard-PT,2nd_Gen-PT,P_Value,Grow-PT,P_Value
61.21612903225806,129.56129032258065,0.00***,64.50645161290323,0.01***
