DAE-GP,2nd_Gen-PT,P_Value,Grow-PT,P_Value
0.8025483870967741,0.7902137096774193,0.11,0.925021505376344,0.00***
