Problem,Hidden_Layer,DAE-GP,Pre-Trained_DAE-GP,P_Value,Cliffs_Delta
Airfoil,1,143.48709677419356,64.66129032258065,0.00***,-0.88
Airfoil,2,143.8290322580645,61.21612903225806,0.00***,-0.88
Boston_Housing,2,141.8,65.36129032258064,0.00***,-0.87
Energy(Cooling),2,144.23870967741937,66.81048387096774,0.00***,-0.93
Concrete,2,139.19999999999996,64.21370967741936,0.00***,-0.87
