Set,DAE-GP,2nd_Gen-PT,P_Value,Grow-PT,P_Value
Train,6.968998622150474,18.907926315864657,1.00,8.640366174445116,1.00
Test,6.825390696720755,18.88030134980962,1.00,8.590646892594567,1.00
