Set,DAE-GP,2nd_Gen-PT,P_Value,Grow-PT,P_Value
Train,7.064439135978468,18.907926315864657,1.00,8.640366174445116,1.00
Test,6.9910485873796535,18.88030134980962,1.00,8.590646892594567,1.00
