Set,DAE-GP,2nd_Gen-PT,P_Value,Grow-PT,P_Value
Train,7.064439135978468,18.907926315864657,0.56,8.640366174445116,0.34
Test,6.9910485873796535,18.88030134980962,0.96,8.590646892594567,0.50
