Standard-PT,2nd_Gen-PT,P_Value,Grow-PT,P_Value
17.225957330651944,19.69134993593403,0.70,21.435377175859237,0.59
