Problem,Hidden_Layer,Dataset,DAE-GP,Pre-Trained_DAE-GP,P_Value
Airfoil,1,Train,33.54521600850468,35.111111514936844,0.0171**
,1,Test,34.027790256447716,35.80992970050751,0.1400
Airfoil,2,Train,11.64424769607071,8.240510411099288,0.3073
,2,Test,11.340402500627578,8.063572620795089,0.5706
Boston_Housing,2,Train,8.270664229577873,7.841008105367495,0.2524
,2,Test,7.994501379097715,7.996828573649646,0.8701
Energy(Cooling),2,Train,4.422698237625232,4.652509121660903,0.0188**
,2,Test,4.612536048865454,4.857972950829616,0.2886
