DAE-GP,2nd_Gen-PT,P_Value,Grow-PT,P_Value
7.064439135978468,18.907926315864657,0.56,8.640366174445116,0.34
