Set,DAE-GP,2nd_Gen-PT,P_Value,Grow-PT,P_Value
Train,7.064439135978468,18.907926315864657,0.45,17.177541157044644,0.21
Test,6.9910485873796535,18.88030134980962,0.76,17.213497731055803,0.33
