DAE-GP,2nd_Gen-PT,P_Value,Grow-PT,P_Value
0.8270161290322584,0.7979483870967742,0.00***,0.9183612903225806,0.00***
