Standard-PT,2nd_Gen-PT,P_Value,Grow-PT,P_Value
8.240510411099288,18.907926315864657,0.31,17.177541157044644,0.27
