Set,Standard-PT,2nd_Gen-PT,P_Value,Grow-PT,P_Value
Train,17.225957330651944,19.69134993593403,0.70,21.435377175859237,0.59
Test,17.33462841711481,19.606850196112998,0.83,21.245741899278958,0.66
