Problem,Hidden_Layer,DAE-GP,Pre-Trained_DAE-GP,P_Value,Cliffs_Delta
Airfoil,1,190.92580645161289,59.996774193548376,0.00***,-0.9365244536940687
Airfoil,2,151.8709677419355,64.95161290322581,0.00***,-0.8761706555671176
Boston_Housing,2,182.83870967741936,67.2709677419355,0.00***,-0.8803329864724245
Energy_Cooling,2,169.39354838709676,69.87096774193549,0.00***,-0.899063475546306
concrete,2,165.51612903225808,65.33870967741936,0.00***,-0.9198751300728408
