Problem,Hidden_Layer,DAE-GP,Pre-Trained_DAE-GP,P_Value,Cliffs_Delta
Airfoil,1,33.367424465656,35.34536660829968,0.02**,0.64
Airfoil,2,17.476216389587403,14.723303643444194,0.31,-0.28
Boston_Housing,2,8.19221487777494,8.076317956228305,0.29,-0.29
Energy(Cooling),2,4.527128213758314,4.778223359561322,0.02**,0.63
Concrete,2,17.005165643171914,16.908541776722906,0.97,0.02
