Set,DAE-GP,2nd_Gen-PT,P_Value,Grow-PT,P_Value
Train,16.449945347475897,19.691349935934028,0.45,21.435377175859237,0.21
Test,16.60824586419615,19.606850196112998,0.76,21.245741899278958,0.33
