DAE-GP,2nd_Gen-PT,P_Value,Grow-PT,P_Value
30.089654898927765,18.907926315864657,1.00,8.640366174445116,1.00
