Problem,Hidden_Layer,DAE-GP,Pre-Trained_DAE-GP,P_Value,Cliffs_Delta
Airfoil,1,33.367424465656,35.345366608299685,0.0171**,0.64
Airfoil,2,17.476216389587403,14.723303643444194,0.3073,-0.28
Boston_Housing,2,8.192214877774939,8.076317956228305,0.2894,-0.29
Energy(Cooling),2,4.527128213758314,4.778223359561322,0.0188**,0.63
Concrete,2,17.107496757639243,17.527977109563956,1.0000,0.0
