Set,Standard-PT,2nd_Gen-PT,P_Value,Grow-PT,P_Value
Train,8.240510411099288,18.907926315864657,0.31,17.177541157044644,0.27
Test,8.063572620795089,18.88030134980962,0.62,17.213497731055803,0.57
