Problem,Hidden_Layer,Dataset,DAE-GP,Pre-Trained_DAE-GP,P_Value
Airfoil,1,Train,33.367424465656,35.345366608299685,0.0171**
,1,Test,33.72712680751973,35.611978670400184,0.1400
Airfoil,2,Train,17.476216389587403,14.723303643444194,0.3073
,2,Test,17.5298587032377,14.76031154835397,0.5706
Boston_Housing,2,Train,8.161122503549686,8.08463089060569,0.3672
,2,Test,8.018985352464131,7.976868378410401,0.9577
Energy(Cooling),2,Train,4.5271282137583135,4.778223359561323,0.0188**
,2,Test,4.67002898020495,4.919624299528712,0.2886
