DAE-GP,2nd_Gen-PT,P_Value,Grow-PT,P_Value
16.449945347475897,19.691349935934028,0.45,21.435377175859237,0.21
