Standard-PT,2nd_Gen-PT,P_Value,Grow-PT,P_Value
0.9146451612903226,0.7979483870967743,0.00***,0.9183612903225806,0.02**
