Standard-PT,2nd_Gen-PT,P_Value,Grow-PT,P_Value
8.492945259549693,18.907926315864657,0.70,17.177541157044644,0.59
