DAE-GP,2nd_Gen-PT,P_Value,Grow-PT,P_Value
16.449945347475897,19.814859990238226,0.56,19.486714617757016,0.34
