DAE-GP,2nd_Gen-PT,P_Value,Grow-PT,P_Value
0.8270161290322584,0.7902137096774193,0.00***,0.9186523297491039,0.00***
