Set,DAE-GP,2nd_Gen-PT,P_Value,Grow-PT,P_Value
Train,16.449945347475897,19.814859990238226,1.00,19.486714617757016,1.00
Test,16.60824586419615,19.705258891393424,1.00,19.341541041857347,1.00
