DAE-GP,2nd_Gen-PT,P_Value,Grow-PT,P_Value
151.3709677419355,126.96774193548387,0.00***,66.55913978494624,0.00***
