Standard-PT,2nd_Gen-PT,P_Value,Grow-PT,P_Value
14.723303643444194,19.691349935934028,0.31,21.435377175859237,0.27
