Problem,Hidden_Layer,DAE-GP,Pre-Trained_DAE-GP,P_Value,Cliffs_Delta
Airfoil,1,0.40563870967741933,0.5097451612903225,0.00***,0.55
Airfoil,2,0.895893548387097,0.9223387096774194,0.00***,0.88
Boston_Housing,2,0.9213903225806451,0.9439612903225806,0.00***,0.86
Energy(Cooling),2,0.9024903225806452,0.931183870967742,0.00***,0.83
Concrete,2,0.8968548387096774,0.9348967741935483,0.00***,0.90
