Set,DAE-GP,2nd_Gen-PT,P_Value,Grow-PT,P_Value
Train,16.449945347475897,19.814859990238226,0.56,19.486714617757016,0.34
Test,16.60824586419615,19.705258891393424,0.96,19.341541041857347,0.50
