DAE-GP,2nd_Gen-PT,P_Value,Grow-PT,P_Value
27.112213472070874,19.814859990238226,1.00,17.517076329383226,1.00
