Standard-PT,2nd_Gen-PT,P_Value,Grow-PT,P_Value
64.95161290322581,129.56129032258065,0.00***,64.50645161290323,0.93
