Set,Standard-PT,2nd_Gen-PT,P_Value,Grow-PT,P_Value
Train,17.22595733065194,19.691349935934028,0.70,21.435377175859237,0.59
Test,17.334628417114814,19.606850196112998,0.83,21.24574189927896,0.66
