DAE-GP,2nd_Gen-PT,P_Value,Grow-PT,P_Value
7.064439135978468,18.907926315864657,0.45,17.177541157044644,0.21
