Problem,Hidden_Layer,Dataset,DAE-GP,Pre-Trained_DAE-GP,P_Value
Airfoil,1,Train,33.367424465656,35.345366608299685,0.0171**
,1,Test,33.727126807519724,35.611978670400184,0.1400
Airfoil,2,Train,17.476216389587403,14.723303643444194,0.3073
,2,Test,17.5298587032377,14.760311548353968,0.5706
Boston_Housing,2,Train,8.161122503549686,8.084630890605688,0.3672
,2,Test,8.018985352464131,7.976868378410401,0.9577
Energy(Cooling),2,Train,4.527128213758314,4.778223359561322,0.0188**
,2,Test,4.6700289802049495,4.919624299528712,0.2886
