Problem,Hidden_Layer,DAE-GP,Pre-Trained_DAE-GP,P_Value,Cliffs_Delta
Airfoil,1,0.34199999999999997,0.48650000000000004,0.02**,0.36
Airfoil,2,0.9145000000000001,0.9305000000000001,0.00***,0.88
Boston_Housing,2,0.9435,0.9524999999999999,0.00***,0.82
Energy(Cooling),2,0.929,0.9375,0.00***,0.80
Concrete,2,0.926,0.942,0.00***,0.88
