Problem,Hidden_Layer,DAE-GP,Pre-Trained_DAE-GP,P_Value
Airfoil,1,33.367424465656,35.345366608299685,0.0171**
Airfoil,2,17.476216389587403,14.723303643444194,0.3073
Boston_Housing,2,8.23667877603623,8.076317956228305,0.2524
Energy(Cooling),2,4.527128213758314,4.778223359561322,0.0188**
