Set,DAE-GP,2nd_Gen-PT,P_Value,Grow-PT,P_Value
Train,6.968998622150474,19.814859990238226,1.00,17.517076329383226,1.00
Test,6.825390696720755,19.705258891393424,1.00,17.536087432248017,1.00
