Set,Standard-PT,2nd_Gen-PT,P_Value,Grow-PT,P_Value
Train,8.492945259549693,18.907926315864657,0.70,17.177541157044644,0.59
Test,8.545111081205857,18.88030134980962,0.83,17.213497731055803,0.66
