Set,Standard-PT,2nd_Gen-PT,P_Value,Grow-PT,P_Value
Train,14.723303643444194,19.691349935934028,0.31,21.435377175859237,0.27
Test,14.760311548353968,19.606850196113,0.62,21.245741899278958,0.57
