Set,Standard-PT,2nd_Gen-PT,P_Value,Grow-PT,P_Value
Train,15.182013266943386,19.691349935934028,0.38,21.435377175859237,0.34
Test,15.22621946305343,19.606850196113005,0.52,21.245741899278954,0.34
