Problem,Hidden_Layer,DAE-GP,Pre-Trained_DAE-GP,P_Value,Cliffs_Delta
Airfoil,1,33.36742446565601,35.345366608299685,0.02**,0.64
Airfoil,2,17.476216389587407,14.723303643444192,0.31,-0.28
Boston_Housing,2,8.192214877774939,8.076317956228305,0.29,-0.29
Energy(Cooling),2,4.5271282137583135,4.778223359561323,0.02**,0.63
Concrete,2,17.585417753879813,16.307973543802245,0.40,-0.6666666666666666
