{"problem": "Airfoil", "hiddenLayer": 2, "DAE-GP (train)": [7.072486121495633, 6.741766753607934, 26.00340470128073, 7.056392150461302, 6.976266615805829, 6.865511122805316, 35.659545442939546, 35.224189871410864], "DAE-GP (test)": [6.719866306373358, 7.051182087691155, 25.546160803231754, 6.736741835130057, 6.819572542388874, 6.930915087068152, 36.42917252790432, 36.63235572378154], "Pre-Trained (train)": [12.071064082392448, 34.70214154416251, 29.70153117229304, 7.056392150461302, 25.744788549336867, 7.061783452018584], "Pre-Trained (test)": [11.954179972732495, 34.22334583063395, 29.596722301004313, 6.736741835130057, 25.806422726886744, 6.705394682997567]}