{"problem": "Airfoil", "hiddenLayer": 2, "DAE-GP": [[42.955024177689, 42.955024177689, 42.955024177689, 26.00340470128073, 26.00340470128073, 26.00340470128073, 26.00340470128073, 26.00340470128073, 26.00340470128073, 26.00340470128073, 26.00340470128073, 26.00340470128073, 26.00340470128073, 26.00340470128073, 26.00340470128073, 26.00340470128073, 26.00340470128073, 26.00340470128073, 26.00340470128073, 26.00340470128073, 26.00340470128073, 26.00340470128073, 26.00340470128073, 26.00340470128073, 26.00340470128073, 26.00340470128073, 26.00340470128073, 26.00340470128073, 26.00340470128073, 26.00340470128073, 26.00340470128073], [37.90406485664114, 37.90406485664114, 37.90406485664114, 37.90406485664114, 37.90406485664114, 37.90406485664114, 37.90406485664114, 35.224189871410864, 35.224189871410864, 35.224189871410864, 35.224189871410864, 35.224189871410864, 35.224189871410864, 35.224189871410864, 35.224189871410864, 35.224189871410864, 35.224189871410864, 35.224189871410864, 35.224189871410864, 35.224189871410864, 35.224189871410864, 35.224189871410864, 35.224189871410864, 35.224189871410864, 35.224189871410864, 35.224189871410864, 35.224189871410864, 35.224189871410864, 35.224189871410864, 35.224189871410864, 35.224189871410864], [39.37385941092532, 39.37385941092532, 39.37385941092532, 25.75396922374549, 25.75396922374549, 25.75396922374549, 25.75396922374549, 25.75396922374549, 25.75396922374549, 25.75396922374549, 25.75396922374549, 25.75396922374549, 25.75396922374549, 25.75396922374549, 25.75396922374549, 25.75396922374549, 25.75396922374549, 25.75396922374549, 25.75396922374549, 25.75396922374549, 25.75396922374549, 25.75396922374549, 25.75396922374549, 25.75396922374549, 25.75396922374549, 7.072486121495633, 7.072486121495633, 7.072486121495633, 7.072486121495633, 7.072486121495633, 7.072486121495633], [38.11675960499222, 38.11675960499222, 38.11675960499222, 38.11675960499222, 38.11675960499222, 38.11675960499222, 38.11675960499222, 38.11675960499222, 38.11675960499222, 38.11675960499222, 38.11675960499222, 38.11675960499222, 38.11675960499222, 38.11675960499222, 38.11675960499222, 38.11675960499222, 38.11675960499222, 38.11675960499222, 38.11675960499222, 38.11675960499222, 38.11675960499222, 38.11675960499222, 6.865511122805316, 6.865511122805316, 6.865511122805316, 6.865511122805316, 6.865511122805316, 6.865511122805316, 6.865511122805316, 6.865511122805316, 6.865511122805316], [37.80884660172095, 37.80884660172095, 37.80884660172095, 37.805790348783056, 37.805790348783056, 37.805790348783056, 37.805790348783056, 37.805790348783056, 37.805790348783056, 37.805790348783056, 37.805790348783056, 37.805790348783056, 37.805790348783056, 7.82762319150769, 7.82762319150769, 7.82762319150769, 7.82762319150769, 7.82762319150769, 7.82762319150769, 7.82762319150769, 7.82762319150769, 7.82762319150769, 7.82762319150769, 7.82762319150769, 7.82762319150769, 7.82762319150769, 7.82762319150769, 7.82762319150769, 7.056392150461302, 7.056392150461302, 7.056392150461302], [38.31969979005381, 38.31969979005381, 38.31969979005381, 38.31969979005381, 38.31969979005381, 38.31969979005381, 38.31969979005381, 38.31969979005381, 38.31969979005381, 38.31969979005381, 38.31969979005381, 38.31969979005381, 38.31969979005381, 38.31969979005381, 35.69060706770786, 35.69060706770786, 35.69060706770786, 35.69060706770786, 35.69060706770786, 35.69060706770786, 35.69060706770786, 35.69060706770786, 35.69060706770786, 35.659545442939546, 35.659545442939546, 35.659545442939546, 35.659545442939546, 35.659545442939546, 35.659545442939546, 35.659545442939546, 35.659545442939546], [37.404256194431795, 37.404256194431795, 37.404256194431795, 37.404256194431795, 37.404256194431795, 37.404256194431795, 37.404256194431795, 37.404256194431795, 37.404256194431795, 37.404256194431795, 6.741766753607934, 6.741766753607934, 6.741766753607934, 6.741766753607934, 6.741766753607934, 6.741766753607934, 6.741766753607934, 6.741766753607934, 6.741766753607934, 6.741766753607934, 6.741766753607934, 6.741766753607934, 6.741766753607934, 6.741766753607934, 6.741766753607934, 6.741766753607934, 6.741766753607934, 6.741766753607934, 6.741766753607934, 6.741766753607934, 6.741766753607934], [35.9367968087931, 35.9367968087931, 32.38764894804557, 32.38764894804557, 32.38764894804557, 32.38764894804557, 32.38764894804557, 32.38764894804557, 6.976266615805829, 6.976266615805829, 6.976266615805829, 6.976266615805829, 6.976266615805829, 6.976266615805829, 6.976266615805829, 6.976266615805829, 6.976266615805829, 6.976266615805829, 6.976266615805829, 6.976266615805829, 6.976266615805829, 6.976266615805829, 6.976266615805829, 6.976266615805829, 6.976266615805829, 6.976266615805829, 6.976266615805829, 6.976266615805829, 6.976266615805829, 6.976266615805829, 6.976266615805829]],