{"REG_MEDIAN_EPOCHSTRAINED": 122.0, "PT_MEDIAN_EPOCHSTRAINED ": 53.5, "REG_TOTAL_PARAMS": 573473.0, "PT_TOTAL_PARAMS": 573473.0, "REG_TIME": 4712.30277706217, "PT_TIME": 14706.465808693785, "PT_TIME_NOPT": 12536.889037621208, "REG_MEDIAN_SAMPLINGTIME": 29.055806166997172, "PT_MEDIAN_SAMPLINGTIME": 198.4502993219976, "REG_TIME_NOSAMLING": 3550.276852743067, "PT_TIME_NOSAMPLING": 8705.007590330817, "PT_TIME_NOSAMPLING_NOPT": 6622.027293765}