{"problem": "Energy(Cooling)", "hiddenLayer": 2, "DAE-GP (train)": [4.444878079973998, 5.109217776025856, 4.237627019536942, 4.661757011879255, 4.453064838774901, 4.125597526167169, 4.627477517728566, 4.311864858841172, 4.337181364377099, 4.480445098564427], "DAE-GP (test)": [4.646819981180679, 5.076970731969272, 4.381040001954587, 4.479038930126682, 4.63897516968996, 4.93247626810476, 4.465011635623137, 4.537577082683602, 4.747497751008771, 4.612536048865454], "Pre-Trained (train)": [4.627477517728566, 4.125597526167169, 4.598487976135924, 4.444878079973998], "Pre-Trained (test)": [4.465011635623137, 4.93247626810476, 4.494862113198431, 4.646819981180679]}