{"problem": "Energy(Cooling)", "hiddenLayer": 2, "DAE-GP (train)": [[8.409165835686874, 8.409165835686874, 8.409165835686874, 8.409165835686874, 4.444878079973998, 4.444878079973998, 4.444878079973998, 4.444878079973998, 4.444878079973998, 4.444878079973998, 4.444878079973998, 4.444878079973998, 4.444878079973998, 4.444878079973998, 4.444878079973998, 4.444878079973998, 4.444878079973998, 4.444878079973998, 4.444878079973998, 4.444878079973998, 4.444878079973998, 4.444878079973998, 4.444878079973998, 4.444878079973998, 4.444878079973998, 4.444878079973998, 4.444878079973998, 4.444878079973998, 4.444878079973998, 4.444878079973998, 4.444878079973998], [5.109217776025856, 5.109217776025856, 5.109217776025856, 5.109217776025856, 5.109217776025856, 5.109217776025856, 5.109217776025856, 5.109217776025856, 5.109217776025856, 5.109217776025856, 5.109217776025856, 5.109217776025856, 5.109217776025856, 5.109217776025856, 5.109217776025856, 5.109217776025856, 5.109217776025856, 5.109217776025856, 5.109217776025856, 5.109217776025856, 5.109217776025856, 5.109217776025856, 5.109217776025856, 5.109217776025856, 5.109217776025856, 5.109217776025856, 5.109217776025856, 5.109217776025856, 5.109217776025856, 5.109217776025856, 5.109217776025856], [10.335262448413664, 10.335262448413664, 9.40297405578416, 9.40297405578416, 4.514765618916446, 4.514765618916446, 4.514765618916446, 4.514765618916446, 4.514765618916446, 4.514765618916446, 4.514765618916446, 4.514765618916446, 4.514765618916446, 4.514765618916446, 4.514765618916446, 4.514765618916446, 4.514765618916446, 4.514765618916446, 4.514765618916446, 4.514765618916446, 4.514765618916446, 4.514765618916446, 4.514765618916446, 4.514765618916446, 4.514765618916446, 4.514765618916446, 4.514765618916446, 4.514765618916446, 4.514765618916446, 4.514765618916446, 4.237627019536942], [8.742298419596247, 8.742298419596247, 4.67115425042355, 4.67115425042355, 4.67115425042355, 4.661757011879255, 4.661757011879255, 4.661757011879255, 4.661757011879255, 4.661757011879255, 4.661757011879255, 4.661757011879255, 4.661757011879255, 4.661757011879255, 4.661757011879255, 4.661757011879255, 4.661757011879255, 4.661757011879255, 4.661757011879255, 4.661757011879255, 4.661757011879255, 4.661757011879255, 4.661757011879255, 4.661757011879255, 4.661757011879255, 4.661757011879255, 4.661757011879255, 4.661757011879255, 4.661757011879255, 4.661757011879255, 4.661757011879255], [5.42267703853329, 5.42267703853329, 5.42267703853329, 5.42267703853329, 5.42267703853329, 5.42267703853329, 5.42267703853329, 5.42267703853329, 5.42267703853329, 4.453064838774901, 4.453064838774901, 4.453064838774901, 4.453064838774901, 4.453064838774901, 4.453064838774901, 4.453064838774901, 4.453064838774901, 4.453064838774901, 4.453064838774901, 4.453064838774901, 4.453064838774901, 4.453064838774901, 4.453064838774901, 4.453064838774901, 4.453064838774901, 4.453064838774901, 4.453064838774901, 4.453064838774901, 4.453064838774901, 4.453064838774901, 4.453064838774901], [4.947950214734662, 4.125597526167169, 4.125597526167169, 4.125597526167169, 4.125597526167169, 4.125597526167169, 4.125597526167169, 4.125597526167169, 4.125597526167169, 4.125597526167169, 4.125597526167169, 4.125597526167169, 4.125597526167169, 4.125597526167169, 4.125597526167169, 4.125597526167169, 4.125597526167169, 4.125597526167169, 4.125597526167169, 4.125597526167169, 4.125597526167169, 4.125597526167169, 4.125597526167169, 4.125597526167169, 4.125597526167169, 4.125597526167169, 4.125597526167169, 4.125597526167169, 4.125597526167169, 4.125597526167169, 4.125597526167169], [9.709477603015, 9.709477603015, 9.709477603015, 9.709477603015, 9.291172683991508, 9.291172683991508, 9.291172683991508, 4.627477517728566, 4.627477517728566, 4.627477517728566, 4.627477517728566, 4.627477517728566, 4.627477517728566, 4.627477517728566, 4.627477517728566, 4.627477517728566, 4.627477517728566, 4.627477517728566, 4.627477517728566, 4.627477517728566, 4.627477517728566, 4.627477517728566, 4.627477517728566, 4.627477517728566, 4.627477517728566, 4.627477517728566, 4.627477517728566, 4.627477517728566, 4.627477517728566, 4.627477517728566, 4.627477517728566], [8.495745273983715, 8.495745273983715, 8.495745273983715, 8.495745273983715, 8.495745273983715, 8.495745273983715, 8.495745273983715, 8.495745273983715, 8.495745273983715, 8.495745273983715, 8.495745273983715, 8.495745273983715, 8.495745273983715, 8.495745273983715, 8.495745273983715, 8.495745273983715, 8.495745273983715, 8.495745273983715, 8.495745273983715, 8.495745273983715, 8.495745273983715, 8.495745273983715, 8.495745273983715, 5.550829705248276, 5.550829705248276, 5.550829705248276, 4.311864858841172, 4.311864858841172, 4.311864858841172, 4.311864858841172, 4.311864858841172], [8.719879226763148, 8.719879226763148, 8.719879226763148, 8.719879226763148, 8.719879226763148, 8.719879226763148, 8.719879226763148, 8.719879226763148, 8.719879226763148, 8.719879226763148, 8.719879226763148, 8.719879226763148, 8.719879226763148, 8.719879226763148, 8.719879226763148, 8.719879226763148, 8.719879226763148, 8.719879226763148, 8.719879226763148, 8.719879226763148, 8.719879226763148, 8.719879226763148, 4.337181364377099, 4.337181364377099, 4.337181364377099, 4.337181364377099, 4.337181364377099, 4.337181364377099, 4.337181364377099, 4.337181364377099, 4.337181364377099], [9.754641905346924, 9.695599450158648, 9.695599450158648, 9.695599450158648, 9.695599450158648, 9.388180332094004, 8.95364001572824, 8.95364001572824, 8.95364001572824, 8.95364001572824, 8.95364001572824, 8.95364001572824, 8.95364001572824, 5.465646762392352, 5.465646762392352, 5.465646762392352, 5.465646762392352, 5.465646762392352, 5.465646762392352, 5.465646762392352, 5.465646762392352, 5.465646762392352, 5.465646762392352, 5.465646762392352, 5.465646762392352, 5.465646762392352, 5.465646762392352, 4.480445098564427, 4.480445098564427, 4.480445098564427, 4.480445098564427]],