{"DAE-GP (train)": [8.186682817680936, 7.819361376226054, 8.456056509656793, 8.320102906782262, 8.493525280688681, 7.906954441347781], "DAE-GP (test)": [7.707801585447851, 8.08019606853255, 8.434012933453044, 7.563588332167347, 8.39627859009362, 7.994501379097715], "Pre-Trained (train)": [8.617388866786907, 7.722488767158763, 8.91972136574602, 8.91972136574602, 7.734746745881393, 7.443105926238341], "Pre-Trained (test)": [7.999155768201577, 8.042420255938042, 7.658042206501598, 7.658042206501598, 8.431215319391379, 7.8431862837381265]}