{"problem": "Boston_Housing", "hiddenLayer": 2, "DAE-GP (train)": [8.270664229577873, 8.320102906782262, 8.493525280688681, 7.819361376226054, 7.906954441347781, 8.456056509656793, 7.945174192465298, 8.731587229900397, 7.792039793423317, 8.186682817680936], "DAE-GP (test)": [7.617617346619984, 7.563588332167347, 8.39627859009362, 8.08019606853255, 7.994501379097715, 8.434012933453044, 7.95651857845679, 8.644124072468948, 8.106546533244114, 7.707801585447851], "Pre-Trained (train)": [7.734746745881393, 8.91972136574602, 7.775061769387209, 8.617388866786907, 7.722488767158763, 7.443105926238341, 8.91972136574602, 8.001501546831856, 7.722488767158763, 7.906954441347781], "Pre-Trained (test)": [8.431215319391379, 7.658042206501598, 8.122831730385537, 7.999155768201577, 8.042420255938042, 7.8431862837381265, 7.658042206501598, 7.89987049476079, 8.042420255938042, 7.994501379097715]}