{"problem": "Boston_Housing", "hiddenLayer": 2, "DAE-GP": [[11.335493849461653, 8.270664229577873, 8.270664229577873, 8.270664229577873, 8.270664229577873, 8.270664229577873, 8.270664229577873, 8.270664229577873, 8.270664229577873, 8.270664229577873, 8.270664229577873, 8.270664229577873, 8.270664229577873, 8.270664229577873, 8.270664229577873, 8.270664229577873, 8.270664229577873, 8.270664229577873, 8.270664229577873, 8.270664229577873, 8.270664229577873, 8.270664229577873, 8.270664229577873, 8.270664229577873, 8.270664229577873, 8.270664229577873, 8.270664229577873, 8.270664229577873, 8.270664229577873, 8.270664229577873, 8.270664229577873], [10.328912492410964, 10.328912492410964, 10.328912492410964, 9.587912350512322, 9.587912350512322, 8.711464280877012, 8.711464280877012, 8.711464280877012, 8.711464280877012, 8.711464280877012, 8.711464280877012, 8.711464280877012, 8.711464280877012, 8.711464280877012, 8.711464280877012, 8.711464280877012, 7.945174192465298, 7.945174192465298, 7.945174192465298, 7.945174192465298, 7.945174192465298, 7.945174192465298, 7.945174192465298, 7.945174192465298, 7.945174192465298, 7.945174192465298, 7.945174192465298, 7.945174192465298, 7.945174192465298, 7.945174192465298, 7.945174192465298], [11.40364549127708, 11.40364549127708, 11.40364549127708, 11.148547823688746, 11.148547823688746, 11.148547823688746, 10.978167338074549, 10.539017097062416, 10.539017097062416, 10.539017097062416, 10.539017097062416, 10.539017097062416, 10.539017097062416, 8.456056509656793, 8.456056509656793, 8.456056509656793, 8.456056509656793, 8.456056509656793, 8.456056509656793, 8.456056509656793, 8.456056509656793, 8.456056509656793, 8.456056509656793, 8.456056509656793, 8.456056509656793, 8.456056509656793, 8.456056509656793, 8.456056509656793, 8.456056509656793, 8.456056509656793, 8.456056509656793], [10.09113838747923, 10.09113838747923, 10.09113838747923, 10.09113838747923, 10.09113838747923, 10.09113838747923, 10.09113838747923, 8.802659599670317, 8.802659599670317, 7.906954441347781, 7.906954441347781, 7.906954441347781, 7.906954441347781, 7.906954441347781, 7.906954441347781, 7.906954441347781, 7.906954441347781, 7.906954441347781, 7.906954441347781, 7.906954441347781, 7.906954441347781, 7.906954441347781, 7.906954441347781, 7.906954441347781, 7.906954441347781, 7.906954441347781, 7.906954441347781, 7.906954441347781, 7.906954441347781, 7.906954441347781, 7.906954441347781], [10.946455875614182, 10.946455875614182, 10.946455875614182, 10.708893278808834, 10.708893278808834, 10.708893278808834, 9.683801314831811, 9.683801314831811, 9.683801314831811, 9.683801314831811, 9.683801314831811, 9.683801314831811, 9.683801314831811, 9.683801314831811, 9.683801314831811, 9.683801314831811, 9.683801314831811, 8.731587229900397, 8.731587229900397, 8.731587229900397, 8.731587229900397, 8.731587229900397, 8.731587229900397, 8.731587229900397, 8.731587229900397, 8.731587229900397, 8.731587229900397, 8.731587229900397, 8.731587229900397, 8.731587229900397, 8.731587229900397], [12.592347140113446, 11.333145972255828, 8.320102906782262, 8.320102906782262, 8.320102906782262, 8.320102906782262, 8.320102906782262, 8.320102906782262, 8.320102906782262, 8.320102906782262, 8.320102906782262, 8.320102906782262, 8.320102906782262, 8.320102906782262, 8.320102906782262, 8.320102906782262, 8.320102906782262, 8.320102906782262, 8.320102906782262, 8.320102906782262, 8.320102906782262, 8.320102906782262, 8.320102906782262, 8.320102906782262, 8.320102906782262, 8.320102906782262, 8.320102906782262, 8.320102906782262, 8.320102906782262, 8.320102906782262, 8.320102906782262], [12.221938863575188, 12.214565593921929, 12.214565593921929, 12.214565593921929, 8.186682817680936, 8.186682817680936, 8.186682817680936, 8.186682817680936, 8.186682817680936, 8.186682817680936, 8.186682817680936, 8.186682817680936, 8.186682817680936, 8.186682817680936, 8.186682817680936, 8.186682817680936, 8.186682817680936, 8.186682817680936, 8.186682817680936, 8.186682817680936, 8.186682817680936, 8.186682817680936, 8.186682817680936, 8.186682817680936, 8.186682817680936, 8.186682817680936, 8.186682817680936, 8.186682817680936, 8.186682817680936, 8.186682817680936, 8.186682817680936], [9.565128578978948, 9.565128578978948, 9.565128578978948, 9.565128578978948, 9.565128578978948, 9.565128578978948, 9.266493219273906, 9.266493219273906, 9.266493219273906, 9.266493219273906, 9.266493219273906, 9.266493219273906, 8.558340797979419, 8.558340797979419, 8.558340797979419, 8.558340797979419, 8.558340797979419, 8.558340797979419, 8.558340797979419, 8.558340797979419, 8.558340797979419, 8.558340797979419, 8.558340797979419, 8.558340797979419, 8.558340797979419, 8.558340797979419, 8.558340797979419, 8.558340797979419, 7.819361376226054, 7.819361376226054, 7.819361376226054], [10.337641413182164, 10.203418587006029, 10.203418587006029, 9.85980354891196, 7.792039793423317, 7.792039793423317, 7.792039793423317, 7.792039793423317, 7.792039793423317, 7.792039793423317, 7.792039793423317, 7.792039793423317, 7.792039793423317, 7.792039793423317, 7.792039793423317, 7.792039793423317, 7.792039793423317, 7.792039793423317, 7.792039793423317, 7.792039793423317, 7.792039793423317, 7.792039793423317, 7.792039793423317, 7.792039793423317, 7.792039793423317, 7.792039793423317, 7.792039793423317, 7.792039793423317, 7.792039793423317, 7.792039793423317, 7.792039793423317], [14.894307360638493, 9.348629710837612, 9.348629710837612, 9.348629710837612, 9.348629710837612, 9.348629710837612, 9.348629710837612, 9.348629710837612, 9.348629710837612, 9.348629710837612, 9.348629710837612, 9.348629710837612, 9.348629710837612, 9.348629710837612, 9.275751463757064, 9.275751463757064, 9.275751463757064, 8.493525280688681, 8.493525280688681, 8.493525280688681, 8.493525280688681, 8.493525280688681, 8.493525280688681, 8.493525280688681, 8.493525280688681, 8.493525280688681, 8.493525280688681, 8.493525280688681, 8.493525280688681, 8.493525280688681, 8.493525280688681]],