{"problem": "Boston_Housing", "hiddenLayer": 2, "DAE-GP": [7.906954441347781, 8.731587229900397, 8.456056509656793, 7.819361376226054, 8.493525280688681, 8.186682817680936, 8.270664229577873, 8.320102906782262, 7.792039793423317, 7.945174192465298], "Pre-Trained": [8.91972136574602, 7.775061769387209, 8.91972136574602, 7.734746745881393, 7.722488767158763, 7.906954441347781, 8.617388866786907, 7.443105926238341, 8.001501546831856, 7.722488767158763]}