{"problem": "Boston_Housing", "hiddenLayer": 2, "DAE-GP": [7.792039793423317, 7.819361376226054, 8.493525280688681, 7.906954441347781, 7.945174192465298, 8.270664229577873, 8.186682817680936, 8.456056509656793, 8.320102906782262, 8.731587229900397], "Pre-Trained": [7.722488767158763, 7.722488767158763, 8.91972136574602, 7.734746745881393, 8.91972136574602, 8.617388866786907, 7.443105926238341, 7.906954441347781, 7.775061769387209, 8.001501546831856]}