{"problem": "Boston_Housing", "hiddenLayer": 2, "DAE-GP": [8.270664229577873, 7.906954441347781, 8.320102906782262, 8.456056509656793, 8.731587229900397, 7.945174192465298, 7.819361376226054, 7.792039793423317, 8.493525280688681, 8.186682817680936], "Pre-Trained": [7.906954441347781, 8.91972136574602, 7.722488767158763, 7.443105926238341, 8.91972136574602, 8.617388866786907, 8.001501546831856, 7.722488767158763, 7.775061769387209, 7.734746745881393]}